# Blender 5.1.1
# www.blender.org
mtllib spaceship.mtl
o Cube
v -15.234676 3.713958 -3.808732
v -15.981358 5.176081 -2.855467
v 4.023028 9.248487 -8.649225
v 5.985675 9.754860 -9.297779
v -3.359978 7.126662 -6.793480
v -3.860457 8.659542 -5.902099
v 3.515822 12.469217 -6.984601
v -2.683276 10.687641 -5.426435
v 3.625646 11.025372 -8.198538
v 3.878265 9.421259 -9.027617
v -3.753435 7.227963 -7.109363
v -4.006053 8.832075 -6.280282
v 3.371058 12.641991 -7.362994
v -2.828040 10.860414 -5.804828
v 0.941900 11.054893 -9.888582
v 1.143159 9.776907 -10.549105
v -2.533218 9.070303 -9.670086
v -2.674667 9.968496 -9.205858
v -0.609976 12.907026 -13.944959
v -0.485465 12.116390 -14.353597
v -3.602799 11.210157 -13.550053
v -3.727310 12.000794 -13.141415
v -3.015990 10.375857 -10.098029
v 0.663548 10.465858 -11.669484
v -2.874541 9.477666 -10.562256
v -2.812074 9.818235 -7.824511
v 2.085201 11.225677 -9.055458
v 2.337818 9.621565 -9.884539
v -2.559456 8.214123 -8.653591
v -4.804193 7.968774 -5.856451
v -4.430134 7.238652 -6.332929
v -4.948957 8.141547 -6.234843
v -4.574898 7.411425 -6.711322
v -3.891930 11.436959 -12.100660
v -0.112096 11.580052 -13.481400
v -0.254201 12.482416 -13.015017
v -3.631666 10.568552 -12.596743
v 4.027308 9.033626 -8.877868
v 3.517730 11.153625 -8.481237
v 3.438641 12.771629 -6.945893
v 5.569021 11.640886 -8.798972
v 5.444742 13.189755 -7.522465
v 6.009542 9.603306 -9.376109
v 5.420875 13.341309 -7.444135
v 5.499964 11.723305 -8.979479
v 6.049160 11.067849 -7.543960
v 5.642634 10.951017 -7.441778
v 5.309826 11.348218 -8.311691
v 5.579149 9.638027 -9.195598
v 5.162496 11.524054 -8.696791
v 5.038217 13.072923 -7.420283
v 5.930211 9.821054 -9.442755
v 5.806595 10.132305 -9.578678
v 5.880024 9.902885 -9.548857
v 5.834778 10.016811 -9.598608
v 5.329162 13.163980 -8.011766
v 5.389278 13.255951 -7.667440
v 5.325595 13.250097 -7.927495
v 5.347598 13.283760 -7.801463
v 5.685684 12.902195 -6.892676
v 5.809300 12.590945 -6.756752
v 5.820060 12.857587 -6.409076
v 5.735871 12.820364 -6.786574
v 5.781117 12.706439 -6.736823
v 6.286734 9.559268 -8.323665
v 6.226617 9.467299 -8.667991
v 6.405893 9.137571 -8.331753
v 6.290300 9.473152 -8.407936
v 6.268297 9.439489 -8.533968
v 5.402775 12.474113 -6.654571
v 5.279159 12.785362 -6.790494
v 5.374592 12.589606 -6.634641
v 5.329346 12.703531 -6.684392
v 5.820091 9.350467 -8.565809
v 5.880208 9.442436 -8.221483
v 5.861772 9.322657 -8.431786
v 5.883775 9.356320 -8.305754
v 5.400069 10.015472 -9.476496
v 5.523685 9.704222 -9.340572
v 5.428252 9.899979 -9.496426
v 5.473498 9.786053 -9.446674
v 4.982753 13.139118 -7.565258
v 4.922636 13.047149 -7.909584
v 4.941072 13.166927 -7.699281
v 4.919069 13.133265 -7.825313
v -15.023102 3.461448 -3.255708
v -3.648883 8.407032 -5.349075
v 3.727396 12.216708 -6.431577
v -2.471702 10.435131 -4.873411
v 4.234603 8.995976 -8.096201
v -15.769783 4.923571 -2.302443
v -3.148404 6.874153 -6.240456
v 3.671286 12.493971 -6.337791
v 4.259953 8.755968 -8.269766
v 5.653520 13.063651 -6.836033
v 6.242187 9.325647 -8.768007
v 3.470828 12.602382 -6.906585
v -2.728271 10.820805 -5.348419
v -3.905451 8.792706 -5.824083
v 3.326064 12.775154 -7.284977
v -2.873034 10.993578 -5.726811
v -4.050215 8.965479 -6.202476
v -3.303010 6.764913 -6.980449
v 4.079997 8.886737 -8.836194
v 4.291572 8.634228 -8.283170
v -3.091435 6.512403 -6.427424
v -2.761835 7.298564 -6.943825
v -2.181049 10.831978 -5.552671
v -2.570455 7.590353 -7.450069
v -3.386997 9.009988 -6.435884
v -2.325813 11.004750 -5.931065
v -2.091270 8.847355 -9.736120
v -2.401114 10.094135 -9.048304
v -3.350245 11.283577 -13.615152
v -3.474756 12.074213 -13.206514
v -2.858124 10.639566 -10.242859
v -2.570880 9.536305 -10.856499
v -2.143260 8.311323 -8.714843
v -2.420489 9.930774 -7.922937
v -3.597215 11.521658 -12.174738
v -3.346524 10.650500 -12.668415
v -1.969475 10.579468 -4.999648
v -2.550261 7.046055 -6.390801
v -2.226043 10.965141 -5.474656
v -2.370807 11.137915 -5.853048
v -2.704866 6.936815 -7.130795
v -2.493292 6.684305 -6.577770
v -3.079955 6.594133 -6.959356
v -2.972524 6.465917 -6.678549
v -2.668806 6.553203 -6.754889
v -2.776237 6.681419 -7.035697
v 4.160858 9.464248 -7.854177
v -2.624005 7.514326 -6.148777
v -2.386069 11.076664 -6.088565
v -2.888296 10.932328 -5.962329
v -4.065477 8.904229 -6.437993
v -2.431063 11.209828 -6.010550
v -2.933291 11.065492 -5.884313
v -4.110472 9.037394 -6.359976
v 3.265808 12.847069 -7.442479
v 3.310802 12.713905 -7.520494
v -13.487761 5.892722 -3.482241
v -13.870324 5.782777 -3.386083
v -13.549340 4.198312 -4.232347
v -13.179203 4.304687 -4.325382
v -13.276187 5.640213 -2.929217
v -13.658750 5.530267 -2.833059
v -12.967628 4.052177 -3.772358
v -13.337766 3.945802 -3.679323
v -13.457937 5.812547 -3.455261
v -13.840500 5.702600 -3.359103
v -13.536808 4.227937 -4.148616
v -13.166671 4.334312 -4.241652
v -13.271336 5.589841 -2.967511
v -13.653898 5.479896 -2.871353
v -12.980069 4.111607 -3.753902
v -13.350206 4.005232 -3.660867
v -2.695830 10.009437 -8.974226
v -2.376412 8.765407 -9.664448
v -2.856023 9.454357 -10.784827
v -3.152839 10.554868 -10.168781
v -5.743621 9.041830 -8.649427
v -5.640149 8.384784 -8.989019
v -5.871591 8.661005 -9.593975
v -5.975063 9.318050 -9.254383
v -3.685668 9.677942 -8.951739
v -4.696668 9.387387 -8.697620
v -5.037991 9.794748 -9.589792
v -4.026990 10.085303 -9.843910
v -3.544219 8.779749 -9.415968
v -4.555219 8.489195 -9.161849
v -4.896543 8.896557 -10.054019
v -3.885542 9.187112 -10.308138
v -3.659379 9.742499 -8.773336
v -4.670379 9.451945 -8.519217
v -5.101489 9.966464 -9.646078
v -4.090488 10.257019 -9.900196
v -3.974900 8.690010 -9.668866
v -4.300067 8.596560 -9.587134
v -4.428652 8.750023 -9.923237
v -4.103485 8.843473 -10.004969
v -5.707669 9.096833 -8.443502
v -5.566220 8.198640 -8.907730
v -5.907543 8.606003 -9.799900
v -6.048992 9.504194 -9.335672
v -5.280395 9.174958 -8.765861
v -5.176922 8.517912 -9.105453
v -5.408363 8.794133 -9.710409
v -5.511836 9.451179 -9.370817
v -3.480721 8.608033 -9.359682
v -4.491722 8.317478 -9.105563
v -4.922832 8.832000 -10.232422
v -3.911831 9.122555 -10.486540
v -3.896253 8.190602 -9.926984
v -4.064161 8.593769 -10.134027
v -3.935577 8.440306 -9.797925
v -1.223453 9.219751 -10.479627
v -1.655025 9.025132 -10.858746
v -1.565765 9.121372 -10.393585
v -1.694349 9.274837 -10.729687
v -1.413989 9.766607 -10.612404
v -1.285405 9.613144 -10.276302
v -1.627717 9.514766 -10.190262
v -1.756302 9.668229 -10.526363
v -1.993570 8.927836 -10.773651
v -2.332114 8.830542 -10.688557
v -2.670659 8.733246 -10.603462
v -3.009204 8.635951 -10.518368
v -3.347748 8.538656 -10.433273
v -3.686293 8.441360 -10.348179
v -2.032894 9.177541 -10.644592
v -2.371438 9.080246 -10.559498
v -2.709983 8.982950 -10.474403
v -3.048527 8.885655 -10.389310
v -3.387072 8.788360 -10.304215
v -3.725617 8.691065 -10.219121
v -3.557708 8.287897 -10.012077
v -3.219164 8.385193 -10.097172
v -2.880619 8.482488 -10.182266
v -2.542075 8.579782 -10.267361
v -2.203530 8.677078 -10.352455
v -1.864986 8.774374 -10.437550
v -3.597032 8.537601 -9.883019
v -3.258487 8.634897 -9.968114
v -2.919943 8.732192 -10.053208
v -2.581398 8.829487 -10.138302
v -2.242854 8.926783 -10.223396
v -1.904309 9.024077 -10.308491
v -4.260743 8.346855 -9.716193
v -4.064105 8.177331 -9.868828
v -4.197517 8.234524 -9.791673
v -4.389328 8.500319 -10.052296
v -4.024837 8.344066 -10.263086
v -4.326102 8.387987 -10.127774
v -4.192689 8.330794 -10.204929
v -1.352037 9.373215 -10.815729
v -1.489137 9.107776 -10.884476
v -1.378236 9.235182 -10.868731
v -1.526441 8.871669 -10.522644
v -1.249651 9.081718 -10.532628
v -1.360553 8.954311 -10.548374
v -15.783180 4.937553 -2.783502
v -15.232771 3.797455 -3.514642
v -15.100927 3.640101 -3.170020
v -15.651336 4.780200 -2.438880
v -15.212831 5.101468 -2.926862
v -14.694951 3.949873 -3.650806
v -14.563107 3.792519 -3.306184
v -15.080987 4.944114 -2.582239
v 2.441146 8.793864 -8.251614
v 1.939540 8.886495 -8.583673
v 0.389055 9.560183 -10.359558
v -1.140723 11.925859 -14.184612
v -0.294529 11.376326 -10.887228
v 1.372252 11.020781 -8.876256
v -1.033621 12.258417 -12.819106
v 2.498114 8.432115 -8.438582
v 2.187604 12.087497 -6.650748
v 1.990656 10.555488 -7.787577
v 2.042840 12.260270 -7.029141
v 0.162480 10.830894 -9.692673
v -1.290551 12.709221 -13.769610
v -0.090555 10.249134 -11.479938
v 0.940189 9.197485 -9.489880
v -0.866199 11.363329 -13.291853
v 2.399178 11.834988 -6.097724
v 2.652720 8.541354 -7.698589
v 2.142610 12.220661 -6.572732
v 1.997845 12.393435 -6.951125
v 2.709688 8.179605 -7.885558
v 2.578975 9.009625 -7.456565
v 1.982583 12.332185 -7.186642
v 1.937589 12.465348 -7.108626
v 0.468005 11.707547 -11.027720
v 0.925014 11.162115 -9.833165
v -0.271087 12.589639 -12.959599
v -0.311415 11.483547 -10.831810
v -1.050506 12.365639 -12.763689
v 0.145594 10.938116 -9.637255
v -2.418000 10.201357 -8.992887
v -2.875009 10.746788 -10.187442
v -4.178532 11.797811 -12.886705
v -4.054084 11.007576 -13.295135
v -4.254217 11.405695 -12.151096
v -4.112184 10.503791 -12.617243
v -3.669441 7.994978 -6.278615
v -3.552271 7.799334 -6.412773
v -3.863108 7.924379 -6.749423
v -2.585358 9.569367 -9.217424
v -2.518446 9.405901 -9.317661
v -4.570625 7.508205 -6.156103
v -4.820132 7.880993 -6.403097
v -4.715389 7.680979 -6.534495
v -13.681801 4.888179 -3.866679
v -13.716779 5.068234 -3.696086
v -2.623550 9.643905 -9.373623
v -2.945528 9.928425 -10.329283
v -2.964873 10.051267 -10.265793
v -5.997875 9.179604 -9.503437
v -3.975873 9.760713 -10.011674
v -4.967529 9.347316 -9.821046
v -3.634550 9.353350 -9.119503
v -3.998877 9.675293 -10.200859
v -5.009877 9.384738 -9.946741
v -3.567767 9.160771 -9.074000
v -4.578768 8.870216 -8.819882
v -4.603202 9.025373 -8.739690
v -5.926186 9.007681 -9.414797
v -5.940337 9.097543 -9.368352
v -5.245668 8.954450 -8.879830
v -5.462958 9.140809 -9.531231
v -5.477110 9.230671 -9.484786
v -15.610100 4.443111 -3.075480
v -15.439659 4.288508 -3.211278
v -14.945185 4.443482 -3.329692
v -14.889741 4.442027 -2.884657
v -14.813341 4.286129 -2.985069
v -15.682585 4.529620 -3.264943
v -15.512144 4.375017 -3.400742
v -3.897657 8.143768 -6.636032
v -2.669128 8.910539 -8.293651
v -2.703678 9.129927 -8.180261
v -4.675368 7.708220 -6.024705
v -13.360719 5.209774 -3.842678
v -13.307523 4.995744 -3.960755
v -13.739139 5.101018 -3.747561
v -13.338359 5.176990 -3.791203
v -13.287527 4.977977 -3.901519
v -13.661805 4.870412 -3.807442
v -2.604204 9.521062 -9.437113
v -5.656551 8.772242 -8.611266
v -5.637206 8.649399 -8.674757
v -5.978529 9.056761 -9.566927
v -3.956528 9.637871 -10.075165
v -4.986874 9.470158 -9.757555
v -3.615205 9.230507 -9.182995
v -4.626205 8.939953 -8.928876
v -4.645551 9.062796 -8.865385
v -4.023311 9.830449 -10.120667
v -5.034312 9.539894 -9.866549
v -3.592201 9.315928 -8.993809
v -5.708895 8.821321 -8.763396
v -5.694744 8.731460 -8.809841
v -5.231517 8.864588 -8.926275
v -15.021585 4.599380 -3.229280
v -2.990021 9.997776 -10.427005
v -3.003064 10.080598 -10.384199
v -6.023024 9.126113 -9.664648
v -6.036066 9.208935 -9.621842
v -4.014065 9.790044 -10.130079
v -4.001022 9.707222 -10.172886
v -5.025065 9.499489 -9.875961
v -5.012022 9.416668 -9.918768
v -4.060674 9.854516 -10.241795
v -4.044200 9.749908 -10.295860
v -5.071674 9.563961 -9.987676
v -5.055201 9.459353 -10.041742
v -6.055729 9.034575 -9.547523
v -6.075074 9.157417 -9.484032
v -6.100223 9.103927 -9.645245
v -6.003385 8.985495 -9.395392
v -6.017537 9.075356 -9.348948
v -6.113266 9.186749 -9.602438
v 0.627816 11.641401 -11.119062
v 1.084825 11.095969 -9.924507
v -0.111276 12.523493 -13.050941
v 1.286084 9.817983 -10.585030
v 0.806473 10.506933 -11.705409
v 0.030830 11.621128 -13.517324
v 0.610930 11.748623 -11.063645
v 1.067939 11.203191 -9.869089
v -0.128161 12.630714 -12.995523
v 1.368735 12.012952 -13.867773
v 1.212783 12.289804 -14.171672
v 1.088272 13.080442 -13.763034
v 1.226629 12.915316 -13.401389
v -3.521918 12.373659 -13.051765
v -3.774472 12.300240 -12.986666
v -1.080836 12.557847 -12.664345
v -0.301416 12.781847 -12.860254
v -1.337766 13.008650 -13.614849
v -3.939145 11.736389 -11.945898
v -3.644430 11.821088 -12.019976
v -0.657191 13.206456 -13.790198
v -4.301379 11.705140 -11.996349
v -4.225693 12.097256 -12.731956
v 1.041057 13.379871 -13.608273
v 1.179414 13.214746 -13.246628
v -1.102539 11.683390 -14.309932
v -0.447280 11.873920 -14.478916
v -0.073911 11.337584 -13.606719
v -3.564615 10.967689 -13.675372
v -3.593482 10.326084 -12.722062
v -3.308340 10.408031 -12.793734
v -3.312061 11.041108 -13.740472
v -0.828014 11.120860 -13.417172
v -4.015900 10.765108 -13.420454
v -4.073999 10.261322 -12.742561
v 1.406919 11.770483 -13.993092
v 1.250967 12.047337 -14.296991
v -15.790513 5.055210 -2.234406
v -3.669614 8.538671 -5.281038
v -13.679480 5.661905 -2.765022
v -13.296917 5.771852 -2.861180
v -15.842818 4.890357 -2.289667
v -15.863548 5.021996 -2.221630
v -15.724371 4.746985 -2.426104
v -15.712686 4.413053 -3.063507
v -15.542245 4.258450 -3.199305
v -13.778386 5.121692 -3.814446
v -15.807137 4.525778 -3.310387
v -15.636696 4.371175 -3.446185
v -13.721047 4.908853 -3.933565
v -3.698255 8.029367 -6.353932
v -3.581086 7.833723 -6.488089
v -13.389533 5.244163 -3.917994
v -13.336337 5.030133 -4.036072
v 3.893869 9.192883 -9.226657
v 3.782252 9.473920 -9.349386
v 3.845887 9.359057 -9.227551
v 3.250921 12.847843 -7.605586
v 3.305202 12.930885 -7.294683
v 3.299408 12.828762 -7.434500
v 5.764486 10.043600 -9.847629
v 5.876102 9.762562 -9.724899
v 5.858075 9.842374 -9.705366
v 5.844308 9.885895 -9.710380
v 5.817664 9.952980 -9.739676
v 5.799520 9.989807 -9.769751
v 5.287436 13.500566 -7.792924
v 5.233155 13.417523 -8.103827
v 5.263543 13.393236 -8.010700
v 5.275801 13.393780 -7.961310
v 5.288759 13.413602 -7.887096
v 5.292019 13.436800 -7.847599
v 4.366511 8.838546 -7.751410
v -3.016495 6.716722 -5.895665
v 4.405000 8.582858 -7.890636
v 6.387233 9.152538 -8.388878
v -14.891193 3.304018 -2.910917
v -3.516974 8.249601 -5.004284
v 3.859305 12.059278 -6.086786
v -2.339794 10.277700 -4.528620
v 3.816333 12.320861 -5.958662
v 5.798566 12.890541 -6.456903
v -2.418353 6.888624 -6.046011
v -1.837567 10.422037 -4.654857
v 4.292768 9.306817 -7.509387
v -2.492096 7.356895 -5.803987
v -12.835720 3.894746 -3.427568
v -13.205857 3.788372 -3.334532
v -13.144279 5.482782 -2.584427
v -13.526841 5.372836 -2.488269
v -12.844908 3.950294 -3.400609
v -13.215045 3.843919 -3.307574
v -13.136174 5.428529 -2.614219
v -13.518737 5.318583 -2.518061
v -15.513217 4.615357 -2.077857
v -14.962808 3.475258 -2.808996
v -14.942867 4.779272 -2.221216
v -14.424988 3.627676 -2.945160
v 2.710884 8.852195 -7.111774
v 2.531087 11.677557 -5.752934
v -14.675221 4.121286 -2.624046
v -14.751621 4.277184 -2.523634
v -15.658605 4.897779 -1.889616
v -3.537705 8.381240 -4.936247
v -13.165009 5.614421 -2.516390
v -13.547571 5.504475 -2.420232
v -15.710910 4.732926 -1.944877
v -15.586251 4.582143 -2.065081
v -15.731640 4.864565 -1.876840
v -3.503515 8.188203 -5.037468
v 3.872764 11.997879 -6.119970
v -2.326335 10.216302 -4.561804
v -1.824108 10.360639 -4.688041
v 2.544546 11.616158 -5.786118
v 3.842697 9.647109 -8.910888
v 1.114823 9.956840 -10.456108
v -0.502995 12.227707 -14.296062
v -3.620329 11.321474 -13.492518
v -2.897813 9.609303 -10.698092
v 2.302252 9.847414 -9.767809
v -0.132103 11.707100 -13.415736
v -3.668310 10.690819 -12.526897
v -3.367776 11.394894 -13.557618
v -1.161818 12.036152 -14.126182
v -4.071606 11.118837 -13.237630
v -4.132181 10.630774 -12.551613
v 1.257748 9.997915 -10.492033
v 0.781320 10.666659 -11.622854
v 0.010823 11.748176 -13.451661
v 1.195253 12.401122 -14.114138
v 1.348727 12.139999 -13.802109
v -3.123968 10.447823 -10.228703
v -3.866615 11.352490 -12.148912
v -4.240402 11.317968 -12.196438
v 3.650218 10.869343 -8.279181
v 0.961476 10.930586 -9.952831
v -0.597865 12.830123 -13.984706
v -3.715199 11.923891 -13.181162
v 2.109772 11.069647 -9.136102
v -0.240379 12.394646 -13.060381
v -3.462645 11.997310 -13.246262
v -1.275978 12.633024 -13.809977
v -4.166427 11.720945 -12.926432
v 1.104401 10.971662 -9.988755
v 0.645194 11.531054 -11.176096
v -0.097453 12.435720 -13.096306
v 1.100383 13.003538 -13.802781
v 1.240451 12.827545 -13.446754
v 3.503182 10.827085 -8.242223
v 3.695662 9.604853 -8.873930
v 0.814440 10.888329 -9.915873
v 0.967787 9.914583 -10.419149
v 1.962736 11.027390 -9.099144
v 2.155216 9.805157 -9.730851
v 0.957365 10.929404 -9.951797
v 1.110712 9.955659 -10.455074
v 0.498158 11.488796 -11.139137
v 0.634284 10.624403 -11.585896
v -0.244489 12.393464 -13.059347
v -0.136214 11.705919 -13.414702
v -2.739988 9.665478 -10.731989
v -3.510486 10.746994 -12.560795
v -2.966144 10.503997 -10.262600
v -3.708791 11.408665 -12.182810
v -3.029210 6.797459 -5.853937
v -3.161119 6.954889 -6.198727
v -12.980343 4.132914 -3.730630
v -12.848434 3.975483 -3.385839
v 1.222152 9.300930 -9.604112
v -2.447396 8.246327 -8.681758
v -2.906600 7.471338 -7.322218
v 2.296381 8.966638 -8.630006
v 0.960763 9.066843 -9.557401
v -2.122687 8.180681 -8.782365
v -2.549881 7.459712 -7.517591
v 1.960114 8.755853 -8.651195
v 0.871408 11.711408 -11.180290
v 1.328417 11.165977 -9.985735
v 0.132316 12.593498 -13.112168
v 1.347993 11.041668 -10.049983
v 0.888786 11.601060 -11.237324
v 0.146139 12.505728 -13.157533
v -11.542665 4.775016 -4.736732
v -9.906128 5.245345 -5.148081
v -8.269590 5.715674 -5.559431
v -6.633053 6.186004 -5.970780
v -4.996516 6.656333 -6.382130
v -5.465008 8.198405 -5.498789
v -7.069558 7.737268 -5.095480
v -8.674109 7.276132 -4.692170
v -10.278660 6.814995 -4.288860
v -11.883211 6.353859 -3.885551
v -5.253434 7.945895 -4.945765
v -6.857985 7.484759 -4.542456
v -8.462535 7.023623 -4.139146
v -10.067085 6.562486 -3.735837
v -11.671637 6.101349 -3.332527
v -4.784942 6.403823 -5.829106
v -6.421479 5.933494 -5.417757
v -8.058016 5.463164 -5.006407
v -9.694554 4.992835 -4.595057
v -11.331091 4.522506 -4.183708
v -5.178146 7.332069 -6.004103
v -6.804022 6.864804 -5.595434
v -8.429897 6.397539 -5.186764
v -10.055773 5.930274 -4.778094
v -11.681647 5.463008 -4.369425
v -5.284654 7.530777 -5.872626
v -6.899867 7.066577 -5.466637
v -8.515079 6.602376 -5.060647
v -10.130293 6.138175 -4.654657
v -11.745505 5.673974 -4.248668
v -5.274164 8.077534 -4.877728
v -6.878715 7.616397 -4.474419
v -8.483266 7.155261 -4.071109
v -10.087816 6.694124 -3.667799
v -11.692367 6.232988 -3.264490
v -5.206961 7.366458 -6.079420
v -6.832836 6.899193 -5.670750
v -8.458712 6.431928 -5.262080
v -10.084587 5.964663 -4.853411
v -11.710462 5.497398 -4.444741
v -5.313468 7.565167 -5.947942
v -6.928681 7.100966 -5.541953
v -8.543894 6.636765 -5.135963
v -10.159107 6.172565 -4.729974
v -11.774320 5.708364 -4.323984
v -5.142256 7.920104 -4.532938
v -6.746806 7.458967 -4.129628
v -8.351357 6.997830 -3.726319
v -9.955907 6.536694 -3.323009
v -11.560458 6.075558 -2.919699
v -4.797656 6.484560 -5.787378
v -6.434194 6.014231 -5.376028
v -8.070731 5.543901 -4.964679
v -9.707269 5.073572 -4.553329
v -11.343805 4.603243 -4.141979
v -4.665748 6.327129 -5.442587
v -6.302285 5.856800 -5.031238
v -7.938822 5.386471 -4.619888
v -9.575359 4.916142 -4.208539
v -11.211897 4.445812 -3.797189
v -14.503740 2.841600 -1.898172
v -15.250422 4.303723 -0.944908
v 4.753963 8.376129 -6.738666
v 6.789407 8.795621 -7.196939
v -2.629043 6.254305 -4.882921
v -3.129522 7.787184 -3.991540
v 4.246758 11.596861 -5.074041
v -1.952341 9.815283 -3.515876
v 4.646109 9.807468 -5.531193
v 4.898727 8.203356 -6.360273
v -2.732971 6.010059 -4.442019
v -2.985590 7.614172 -3.612938
v 4.391521 11.424088 -4.695649
v -1.807577 9.642509 -3.137484
v 3.504286 7.996734 -3.190873
v 3.705545 6.718747 -3.851397
v 0.144855 5.874075 -2.669992
v 0.003406 6.772268 -2.205764
v 5.056161 6.144601 0.865503
v 5.180672 5.353963 0.456865
v 2.049383 4.464386 1.223935
v 1.924873 5.255023 1.632573
v 0.344729 6.364903 -1.313595
v 4.139953 6.316834 -2.582663
v 0.486178 5.466712 -1.777822
v -0.923180 7.563876 -2.887215
v 3.974095 8.971318 -4.118162
v 4.226712 7.367206 -4.947243
v -0.670562 5.959764 -3.716295
v 4.388496 8.812307 -7.693946
v -14.869208 3.277779 -2.853452
v -3.494990 8.223363 -4.946819
v -2.994511 6.690484 -5.838200
v 3.881290 12.033039 -6.029321
v -4.073257 7.096417 -3.945891
v -3.699198 6.366294 -4.422370
v -3.928493 6.923644 -3.567499
v -3.554435 6.193521 -4.043978
v 1.062658 5.523753 0.849917
v 4.842492 5.666846 -0.530823
v 4.700386 6.569211 -0.064439
v 1.322922 4.655346 0.353834
v 4.831039 8.074387 -6.777028
v 4.754236 9.677877 -5.249186
v 3.840507 12.292009 -5.895473
v 4.242373 11.812390 -4.845054
v 4.429173 8.554007 -7.827448
v 6.118217 10.985431 -7.363453
v 6.667414 10.329975 -5.927934
v 5.822741 12.861690 -6.393715
v 6.248474 12.230516 -5.421625
v 6.411407 9.123686 -8.325689
v 6.813273 8.644067 -7.275270
v 6.224607 12.382071 -5.343295
v 6.736471 10.247557 -5.747427
v 6.187275 10.903012 -7.182947
v 5.780749 10.786180 -7.080765
v 6.113558 10.388979 -6.210852
v 6.382881 8.678788 -7.094758
v 6.260888 10.213143 -5.825752
v 5.841949 12.113684 -5.319444
v 6.844871 8.729425 -7.051965
v 6.904987 8.821395 -6.707639
v 6.886551 8.701616 -6.917942
v 6.908554 8.735279 -6.791910
v 6.427554 11.853071 -5.140727
v 6.303938 12.164321 -5.276650
v 6.399371 11.968565 -5.120797
v 6.354125 12.082490 -5.170548
v 6.007532 12.518077 -6.051414
v 5.947415 12.426107 -6.395740
v 5.828256 12.847804 -6.387651
v 5.965852 12.545886 -6.185437
v 5.943849 12.512223 -6.311469
v 6.424849 9.394431 -7.962652
v 6.548465 9.083180 -7.826729
v 6.414089 9.127789 -8.310328
v 6.453032 9.278936 -7.982582
v 6.498278 9.165011 -7.932831
v 5.540890 12.309275 -6.293558
v 5.601007 12.401244 -5.949233
v 5.537323 12.395391 -6.209287
v 5.559326 12.429053 -6.083255
v 6.141939 8.966349 -7.724547
v 6.018323 9.277598 -7.860470
v 6.091752 9.048180 -7.830649
v 6.046506 9.162105 -7.880401
v 6.498462 8.704562 -6.605457
v 6.438345 8.612593 -6.949783
v 6.502028 8.618446 -6.689728
v 6.480025 8.584784 -6.815761
v 5.897412 12.047488 -5.174469
v 6.021029 11.736238 -5.038546
v 5.947599 11.965657 -5.068367
v 5.992846 11.851732 -5.018615
v -14.715315 3.094110 -2.451197
v -3.341096 8.039694 -4.544564
v 4.035183 11.849370 -5.627066
v -2.163915 10.067793 -4.068900
v 4.542390 8.628638 -7.291690
v -15.461996 4.556232 -1.497932
v -2.840617 6.506814 -5.435945
v 4.009727 12.090048 -5.453156
v 4.598393 8.352045 -7.385130
v 5.991961 12.659728 -5.951397
v 6.580628 8.921725 -7.883372
v 4.201763 11.730024 -4.996026
v -1.997335 9.948447 -3.437860
v -3.174516 7.920348 -3.913523
v 4.346528 11.557251 -4.617633
v -1.852571 9.775674 -3.059467
v -3.029752 7.747575 -3.535131
v -2.572074 5.892555 -5.069890
v 4.810932 8.014380 -6.925635
v 4.599358 8.266890 -7.478659
v -2.783648 6.145065 -5.622914
v -2.030900 6.426207 -5.033266
v -1.450114 9.959620 -3.642112
v -1.519725 6.336327 -4.703612
v -2.366534 7.792084 -3.768540
v -1.305350 9.786846 -3.263720
v 0.471117 5.789195 -3.038411
v 0.161272 7.035975 -2.350594
v 2.303067 4.536456 1.161790
v 2.178557 5.327093 1.570428
v 0.618282 6.490543 -1.156039
v 0.905524 5.387282 -1.769678
v -0.284633 6.093087 -3.856660
v -0.531595 7.676414 -2.985641
v -2.396368 6.862386 -5.988545
v 1.357373 5.608452 0.775839
v 1.608064 4.737294 0.282162
v -1.661688 10.212130 -4.195137
v -2.242474 6.678717 -5.586290
v -1.495108 10.092784 -3.564096
v -1.350344 9.920011 -3.185704
v -1.973931 6.064458 -5.220235
v -2.185505 6.316967 -5.773259
v -2.453163 5.846069 -5.321013
v -2.560593 5.974286 -5.601821
v -2.256876 6.061572 -5.678162
v -2.149445 5.933355 -5.397354
v 4.468645 9.096910 -7.049666
v 4.314752 9.280579 -7.451921
v -2.470112 7.330657 -5.746521
v -2.316218 7.146987 -5.344266
v -1.245093 9.714931 -3.106219
v -1.747320 9.570595 -2.979983
v -2.924501 7.542497 -3.455647
v -1.290088 9.848095 -3.028203
v -1.792315 9.703759 -2.901967
v -2.969496 7.675660 -3.377630
v 4.406784 11.485336 -4.460132
v 4.451777 11.352172 -4.538148
v -12.756825 5.020365 -1.571682
v -13.139388 4.910419 -1.475524
v -12.818404 3.325954 -2.321788
v -12.448267 3.432329 -2.414823
v -13.122293 5.456544 -2.526962
v -13.504856 5.346598 -2.430804
v -12.813735 3.868508 -3.370103
v -13.183872 3.762133 -3.277067
v -12.968400 5.272875 -2.124706
v -13.350963 5.162929 -2.028548
v -12.659842 3.684839 -2.967847
v -13.029979 3.578464 -2.874812
v -12.769358 4.990740 -1.655413
v -13.151920 4.880794 -1.559255
v -12.848228 3.406130 -2.348768
v -12.478091 3.512505 -2.441803
v -13.113647 5.401643 -2.555337
v -13.496210 5.291698 -2.459179
v -12.822381 3.923409 -3.341727
v -13.192518 3.817034 -3.248692
v -12.955959 5.213445 -2.143162
v -13.338522 5.103499 -2.047004
v -12.664693 3.735210 -2.929553
v -13.034830 3.628836 -2.836518
v -0.133443 6.951276 -2.276516
v 0.185975 5.707247 -2.966739
v 0.620382 5.305334 -1.698006
v 0.323566 6.405844 -1.081961
v -2.955667 5.714460 -1.362118
v -2.852195 5.057414 -1.701711
v -2.620753 4.781192 -1.096755
v -2.724226 5.438238 -0.757163
v -1.007595 6.481713 -1.951645
v -2.018596 6.191159 -1.697526
v -1.677272 5.783794 -0.805357
v -0.666271 6.074348 -1.059476
v -0.866146 5.583520 -2.415873
v -1.877147 5.292966 -2.161755
v -1.535823 4.885603 -1.269585
v -0.524823 5.176157 -1.523703
v -1.071093 6.653430 -2.007931
v -2.082093 6.362875 -1.753812
v -1.650983 5.848351 -0.626955
v -0.639982 6.138906 -0.881073
v -1.084090 5.239882 -2.112705
v -1.409256 5.146431 -2.030973
v -1.280671 4.992968 -1.694871
v -0.955505 5.086419 -1.776603
v -3.029596 5.900605 -1.443408
v -2.888147 5.002411 -1.907636
v -2.546824 4.595048 -1.015466
v -2.688273 5.493240 -0.551239
v -2.492440 5.847589 -1.478552
v -2.388968 5.190542 -1.818145
v -2.157526 4.914320 -1.213189
v -2.260999 5.571366 -0.873597
v -0.892435 5.518963 -2.594276
v -1.903436 5.228408 -2.340158
v -1.472326 4.713887 -1.213299
v -0.461325 5.004441 -1.467417
v -1.005442 4.740474 -2.370822
v -0.916181 4.836715 -1.905661
v -1.044766 4.990178 -2.241763
v 1.667358 5.769624 -2.923466
v 1.492954 5.268078 -2.630382
v 1.325046 5.671246 -2.837424
v 1.453631 5.517782 -2.501323
v 1.733990 6.009554 -2.384040
v 1.605405 6.163017 -2.720142
v 1.263093 6.064639 -2.634100
v 1.391678 5.911176 -2.297999
v 1.154410 5.170783 -2.545287
v 0.815866 5.073488 -2.460193
v 0.477321 4.976192 -2.375098
v 0.138776 4.878897 -2.290003
v -0.199768 4.781601 -2.204909
v -0.538313 4.684306 -2.119815
v 1.115086 5.420487 -2.416229
v 0.776542 5.323192 -2.331134
v 0.437997 5.225896 -2.246040
v 0.099452 5.128601 -2.160945
v -0.239092 5.031305 -2.075850
v -0.577636 4.934011 -1.990756
v -0.666897 4.837770 -2.455916
v -0.328353 4.935065 -2.541011
v 0.010191 5.032360 -2.626105
v 0.348736 5.129656 -2.711200
v 0.687281 5.226951 -2.796294
v 1.025825 5.324246 -2.881388
v -0.706221 5.087473 -2.326858
v -0.367677 5.184769 -2.411952
v -0.029132 5.282064 -2.497046
v 0.309412 5.379359 -2.582141
v 0.647957 5.476655 -2.667235
v 0.986501 5.573950 -2.752330
v -1.369932 4.896728 -2.160031
v -1.173294 4.727203 -2.312665
v -1.306706 4.784395 -2.235511
v -1.241348 4.743264 -1.823929
v -0.876857 4.587011 -2.034720
v -1.178122 4.630932 -1.899409
v -1.044709 4.573740 -1.976563
v 1.795943 5.616160 -2.587364
v 1.658842 5.350721 -2.656112
v 1.769744 5.478128 -2.640366
v 1.364370 5.421542 -2.966483
v 1.641159 5.631592 -2.976468
v 1.530257 5.504185 -2.992213
v -15.197214 4.238213 -1.251870
v -14.646805 3.098114 -1.983010
v -14.778648 3.255468 -2.327632
v -15.329059 4.395567 -1.596492
v -15.490197 4.587883 -2.017686
v -14.939788 3.447785 -2.748826
v -14.626864 4.402128 -1.395229
v -14.108985 3.250533 -2.119173
v -14.240829 3.407887 -2.463795
v -14.758708 4.559482 -1.739851
v -14.919847 4.751798 -2.161045
v -14.401968 3.600203 -2.884990
v 3.172081 7.921507 -6.341054
v 2.990270 7.632468 -5.837215
v 2.951442 6.502023 -3.661850
v 4.522424 5.167001 0.618035
v 3.181876 7.227303 -1.800407
v 3.261146 8.766421 -3.938960
v 3.920967 6.345211 0.131471
v 3.229049 7.559757 -6.528023
v 2.918539 11.215139 -4.740189
v 3.011120 9.337584 -5.120233
v 3.063303 11.042366 -4.361797
v 2.724867 7.772734 -2.994963
v 4.372596 5.950363 1.033037
v 3.385850 6.100110 -2.393117
v 2.798816 6.979249 -4.631696
v 4.088389 5.450122 -0.341277
v 2.706965 11.467649 -5.293213
v 2.960507 8.174017 -6.894078
v 2.873545 11.348304 -4.662173
v 3.018309 11.175530 -4.283781
v 3.017475 7.812267 -7.081047
v 2.732869 8.825956 -7.054309
v 2.886762 8.642287 -6.652054
v 3.123559 10.970451 -4.204296
v 3.078565 11.103615 -4.126280
v 3.944410 7.558524 -1.940900
v 3.487400 8.103955 -3.135456
v 4.683500 6.676433 -0.009022
v 3.164990 7.334524 -1.744990
v 3.904082 6.452433 0.186888
v 2.707981 7.879956 -2.939546
v 0.144387 7.143197 -2.295177
v 0.601396 6.597765 -1.100621
v 1.374952 5.169834 1.629298
v 1.499399 4.379600 1.220868
v 0.799069 5.374694 1.057464
v 0.941103 4.472790 0.591318
v -2.938506 7.122621 -4.368056
v -2.821336 6.926977 -4.502213
v -2.842644 6.706475 -4.082078
v -0.022971 6.511207 -2.519715
v 0.043941 6.347741 -2.619952
v -3.839690 6.635848 -4.245543
v -3.799669 6.663089 -3.735753
v -3.694926 6.463075 -3.867151
v -12.950865 4.015821 -1.956119
v -13.028199 4.246428 -1.896238
v 0.054523 6.447676 -2.373528
v 0.415192 5.917470 -1.544849
v 0.395846 6.040313 -1.481358
v -2.637156 5.168649 -0.719002
v -0.615154 5.749758 -1.227240
v -1.606809 5.336361 -1.036612
v -0.956478 6.157122 -2.119409
v -0.548371 5.557179 -1.181736
v -1.559372 5.266625 -0.927618
v -0.979481 6.071701 -2.308595
v -1.990482 5.781147 -2.054476
v -2.014916 5.936304 -1.974284
v -2.675348 5.127868 -0.917577
v -2.689500 5.217730 -0.871132
v -2.457714 5.627080 -1.592521
v -2.212121 5.260996 -1.034011
v -2.226273 5.350858 -0.987566
v -15.024134 3.743771 -1.543847
v -14.853693 3.589168 -1.679645
v -14.359219 3.744142 -1.798058
v -14.567462 4.057394 -2.042269
v -14.491062 3.901496 -2.142681
v -14.951649 3.657263 -1.354383
v -14.781208 3.502660 -1.490182
v -2.877193 6.925864 -3.968688
v -0.780234 6.656179 -3.356355
v -0.814784 6.875568 -3.242965
v -3.944433 6.835862 -4.114145
v -12.629783 4.337416 -1.932118
v -12.576587 4.123386 -2.050195
v -13.008203 4.228661 -1.837001
v -12.649779 4.355183 -1.991355
v -12.598948 4.156170 -2.101671
v -12.973226 4.048605 -2.007594
v 0.073868 6.324833 -2.437019
v -2.978479 5.576013 -1.611172
v -2.959134 5.453170 -1.674663
v -2.617810 5.045807 -0.782493
v -0.595809 5.626916 -1.290730
v -1.626155 5.459204 -0.973121
v -0.937132 6.034279 -2.182900
v -1.948133 5.743724 -1.928782
v -1.967478 5.866567 -1.865291
v -0.572806 5.712336 -1.101544
v -1.583806 5.421782 -0.847426
v -1.003916 6.226858 -2.228403
v -2.920941 5.493952 -1.476088
v -2.906790 5.404089 -1.522533
v -2.443563 5.537218 -1.638966
v -14.435618 3.900040 -1.697647
v -14.728601 4.249710 -2.463463
v -14.652202 4.093812 -2.563875
v 0.453383 5.888139 -1.426443
v 0.440340 5.970961 -1.383637
v -2.579619 5.016476 -0.664087
v -2.592662 5.099298 -0.621281
v -0.570660 5.680406 -1.129518
v -0.557617 5.597585 -1.172324
v -1.581661 5.389852 -0.875400
v -1.568618 5.307031 -0.918206
v -0.527483 5.637720 -1.006544
v -0.511009 5.533113 -1.060610
v -1.538483 5.347166 -0.752425
v -1.522009 5.242558 -0.806491
v -2.695010 5.023621 -0.763088
v -2.714355 5.146462 -0.699598
v -2.656818 4.994289 -0.644682
v -2.752547 5.105681 -0.898172
v -2.766699 5.195543 -0.851727
v -2.669861 5.077111 -0.601876
v 4.104221 7.492378 -2.032242
v 3.647212 8.037809 -3.226798
v 4.843312 6.610286 -0.100364
v 3.848471 6.759823 -3.887321
v 4.282879 6.357910 -2.618588
v 4.985418 5.707922 -0.566748
v 4.087336 7.599599 -1.976825
v 3.630327 8.145031 -3.171381
v 4.826427 6.717508 -0.044947
v 6.333207 6.087948 -0.891358
v 6.453969 6.034549 -0.471969
v 6.329458 6.825186 -0.063331
v 6.191101 6.990313 -0.424974
v 2.131406 5.626523 1.725207
v 1.877722 5.554453 1.787352
v 3.873763 6.644626 0.286263
v 4.653183 6.868626 0.090353
v 4.325393 6.249778 1.187829
v 1.015455 5.823169 1.004710
v 1.310169 5.907867 0.930632
v 5.008958 6.444016 1.020296
v 0.751920 5.674125 1.212244
v 1.327802 5.469265 1.784077
v 6.282255 7.124602 0.091463
v 6.143898 7.289728 -0.270182
v 4.560608 4.924533 0.492716
v 5.218856 5.111495 0.331546
v 4.880676 5.424377 -0.656142
v 2.087568 4.221917 1.098616
v 1.361106 4.412878 0.228515
v 1.646249 4.494825 0.156843
v 2.341252 4.293987 1.036471
v 4.126574 5.207654 -0.466596
v 1.537583 4.137132 1.095549
v 0.979287 4.230321 0.465999
v 6.371391 5.845479 -1.016677
v 6.492153 5.792081 -0.597288
v -15.482726 4.687871 -1.429895
v -15.636620 4.871541 -1.832150
v -13.525586 5.478236 -2.362767
v -3.515720 8.355001 -4.878782
v -3.361827 8.171332 -4.476527
v -13.371693 5.294567 -1.960511
v -13.143023 5.588182 -2.458925
v -12.989130 5.404513 -2.056669
v -15.535031 4.523019 -1.485156
v -15.688925 4.706688 -1.887412
v -15.555761 4.654657 -1.417119
v -15.402092 4.362353 -1.583716
v -15.709655 4.838326 -1.819375
v -15.563231 4.554669 -2.004910
v -15.119067 3.704580 -1.511873
v -14.948627 3.549977 -1.647671
v -12.995866 4.187769 -1.769052
v -15.024616 3.591855 -1.264992
v -14.854176 3.437252 -1.400791
v -12.938527 3.974930 -1.888170
v -2.909691 7.088232 -4.292740
v -2.792521 6.892587 -4.426897
v -12.600968 4.303027 -1.856802
v -12.547772 4.088997 -1.974879
v 4.964478 7.915131 -6.428238
v 5.018759 7.998172 -6.117335
v 4.970219 8.017189 -6.288710
v 4.487428 11.372095 -4.373534
v 4.375812 11.653133 -4.496264
v 4.423898 11.486706 -4.495247
v 7.000994 8.567852 -6.615577
v 6.946712 8.484811 -6.926480
v 6.942130 8.548575 -6.871805
v 6.945390 8.571774 -6.832309
v 6.958348 8.591597 -6.758095
v 6.970606 8.592140 -6.708704
v 6.358046 12.222814 -4.994506
v 6.469663 11.941775 -4.871776
v 6.434628 11.995569 -4.949654
v 6.416485 12.032396 -4.979729
v 6.389841 12.099481 -5.009025
v 6.376074 12.143002 -5.014038
v 4.410480 8.786069 -7.636480
v -2.972526 6.664245 -5.780735
v 4.453348 8.525155 -7.764259
v 6.435582 9.094835 -8.262501
v -14.847223 3.251541 -2.795987
v -3.473005 8.197124 -4.889354
v 3.903274 12.006801 -5.971856
v -2.295824 10.225224 -4.413690
v 3.864681 12.263158 -5.832285
v 5.846915 12.832838 -6.330527
v -2.374383 6.836147 -5.931081
v -1.793597 10.369560 -4.539927
v 4.336737 9.254340 -7.394456
v -2.448127 7.304418 -5.689056
v -12.791750 3.842269 -3.312638
v -13.161887 3.735895 -3.219602
v -13.100308 5.430305 -2.469497
v -13.482871 5.320359 -2.373338
v -12.799854 3.896523 -3.282845
v -13.169991 3.790148 -3.189810
v -13.091121 5.374758 -2.496455
v -13.473683 5.264812 -2.400297
v -15.467177 4.560410 -1.957515
v -14.916768 3.420311 -2.688655
v -14.896828 4.724324 -2.100875
v -14.378948 3.572729 -2.824819
v 2.754853 8.799718 -6.996844
v 2.575056 11.625080 -5.638003
v -14.629182 4.066339 -2.503704
v -14.705582 4.222237 -2.403292
v -15.614635 4.845302 -1.774685
v -3.493736 8.328763 -4.821317
v -13.121038 5.561944 -2.401460
v -13.503601 5.451998 -2.305301
v -15.666940 4.680449 -1.829947
v -15.540212 4.527195 -1.944739
v -15.687670 4.812088 -1.761910
v -3.481531 8.161964 -4.980003
v -2.304350 10.190063 -4.504339
v -1.802123 10.334400 -4.630576
v 2.566530 11.589920 -5.728652
v 3.894749 11.971641 -6.062505
v -3.459546 8.135726 -4.922538
v 3.916734 11.945402 -6.005040
v -2.282365 10.163825 -4.446874
v -1.780138 10.308162 -4.573111
v 2.588515 11.563682 -5.671187
v 4.863160 8.429206 -6.243544
v 3.677209 6.898680 -3.758399
v 5.163141 5.465281 0.514399
v 2.031853 4.575703 1.281469
v 0.578593 5.460279 -1.611271
v 4.191146 7.593055 -4.830513
v 4.822484 5.793894 -0.465159
v 1.286278 4.777613 0.423679
v 2.285537 4.647773 1.219324
v 4.501328 5.277294 0.676465
v 1.481878 4.490860 1.278373
v 0.921105 4.599772 0.656949
v 3.820135 6.939756 -3.794323
v 4.257725 6.517636 -2.536034
v 4.965410 5.834970 -0.501084
v 6.436439 6.145866 -0.414435
v 6.313199 6.214996 -0.825694
v 0.352437 6.298800 -1.141883
v 1.087973 5.439284 0.801664
v 0.812885 5.286967 1.012123
v 4.670681 9.651439 -5.611837
v 3.523862 7.872426 -3.255121
v 5.068272 6.067697 0.825756
v 1.936983 5.178119 1.592825
v 3.998666 8.815289 -4.198806
v 4.714209 6.481439 -0.109804
v 2.190667 5.250189 1.530681
v 4.387169 5.874166 0.992670
v 1.387057 5.092969 1.589571
v 3.666788 7.913502 -3.291046
v 4.121599 7.382030 -2.089275
v 4.857135 6.522515 -0.145729
v 6.341569 6.748282 -0.103078
v 6.204924 6.902541 -0.470339
v 4.523645 9.609181 -5.574879
v 4.716125 8.386949 -6.206586
v 3.376827 7.830169 -3.218163
v 3.530174 6.856423 -3.721441
v 3.851630 8.773031 -4.161848
v 4.044110 7.550798 -4.793555
v 3.519752 7.871244 -3.254088
v 3.673099 6.897499 -3.757365
v 3.974563 7.339773 -2.052317
v 4.110689 6.475379 -2.499076
v 4.710098 6.480258 -0.108770
v 4.818374 5.792713 -0.464126
v 0.735946 5.517016 -1.646398
v 1.443631 4.834350 0.388552
v 0.509790 6.355536 -1.177011
v 1.245327 5.496021 0.766536
v -2.985240 6.744982 -5.739007
v -3.007225 6.771220 -5.796472
v -12.826449 3.949244 -3.328374
v -2.853332 6.587551 -5.394216
v -12.672556 3.765575 -2.926119
v -12.804464 3.923006 -3.270909
v 3.111046 7.046571 -4.666816
v -0.558502 5.991969 -3.744462
v -1.886136 6.253434 -4.654873
v 3.316845 7.748734 -5.962662
v 2.819390 6.848607 -4.699218
v -0.264059 5.962445 -3.924182
v -1.499151 6.205685 -4.771134
v 3.010844 7.501826 -5.904737
v 4.347813 7.562384 -2.093470
v 3.890804 8.107816 -3.288025
v 5.086905 6.680293 -0.161592
v 3.910380 7.983508 -3.352273
v 4.365191 7.452036 -2.150503
v 5.100727 6.592521 -0.206956
v -10.811730 3.902658 -2.826173
v -9.175193 4.372988 -3.237522
v -7.538655 4.843317 -3.648872
v -5.902118 5.313646 -4.060222
v -4.265580 5.783976 -4.471571
v -4.734072 7.326048 -3.588230
v -6.338623 6.864912 -3.184921
v -7.943173 6.403775 -2.781611
v -9.547725 5.942638 -2.378302
v -11.152275 5.481502 -1.974992
v -4.945646 7.578557 -4.141254
v -6.550198 7.117421 -3.737945
v -8.154748 6.656284 -3.334635
v -9.759298 6.195148 -2.931325
v -11.363850 5.734011 -2.528016
v -4.477155 6.036485 -5.024595
v -6.113692 5.566156 -4.613245
v -7.750229 5.095827 -4.201896
v -9.386767 4.625497 -3.790546
v -11.023304 4.155168 -3.379197
v -4.447211 6.459712 -4.093544
v -6.073086 5.992446 -3.684874
v -7.698962 5.525181 -3.276204
v -9.324838 5.057916 -2.867535
v -10.950712 4.590652 -2.458865
v -4.553719 6.658420 -3.962066
v -6.168931 6.194220 -3.556077
v -7.784144 5.730019 -3.150087
v -9.399358 5.265818 -2.744098
v -11.014570 4.801617 -2.338108
v -5.120271 7.893865 -4.475472
v -6.724822 7.432728 -4.072163
v -8.329372 6.971592 -3.668854
v -9.933923 6.510456 -3.265544
v -11.538473 6.049319 -2.862234
v -4.966377 7.710196 -4.073217
v -6.570928 7.249060 -3.669908
v -8.175479 6.787923 -3.266598
v -9.780029 6.326787 -2.863288
v -11.384580 5.865650 -2.459979
v -4.418397 6.425322 -4.018228
v -6.044272 5.958057 -3.609558
v -7.670148 5.490792 -3.200888
v -9.296023 5.023527 -2.792218
v -10.921898 4.556262 -2.383549
v -4.524904 6.624031 -3.886750
v -6.140118 6.159830 -3.480761
v -7.755330 5.695629 -3.074771
v -9.370543 5.231428 -2.668782
v -10.985756 4.767228 -2.262792
v -5.098286 7.867627 -4.418008
v -6.702837 7.406490 -4.014698
v -8.307387 6.945354 -3.611388
v -9.911938 6.484217 -3.208079
v -11.516489 6.023081 -2.804769
v -4.643763 6.300891 -5.385122
v -6.280300 5.830562 -4.973773
v -7.916838 5.360232 -4.562423
v -9.553375 4.889903 -4.151073
v -11.189912 4.419574 -3.739724
v -4.489869 6.117222 -4.982867
v -6.126407 5.646893 -4.571517
v -7.762944 5.176563 -4.160168
v -9.399482 4.706234 -3.748818
v -11.036018 4.235905 -3.337468
v -4.621778 6.274652 -5.327657
v -6.258315 5.804323 -4.916307
v -7.894853 5.333994 -4.504958
v -9.531390 4.863665 -4.093608
v -11.167928 4.393335 -3.682259
vn 0.3287 -0.3923 0.8591
vn -0.9342 -0.2685 0.2348
vn -0.3287 0.3923 -0.8591
vn 0.1386 -0.8798 -0.4547
vn -0.8062 0.3573 0.4716
vn -0.2421 0.9608 0.1353
vn -0.2363 -0.9524 -0.1928
vn 0.9020 0.4000 -0.1625
vn 0.9342 0.2685 -0.2348
vn -0.9766 -0.0780 -0.2003
vn -0.3346 0.3905 -0.8577
vn 0.3287 -0.3922 0.8591
vn -0.1386 0.8798 0.4547
vn 0.0993 -0.8281 -0.5517
vn -0.8263 0.1504 -0.5428
vn -0.8837 -0.4488 0.1331
vn -0.8558 -0.5085 0.0952
vn -0.4917 0.7053 0.5106
vn 0.4763 0.4618 -0.7483
vn -0.9175 -0.3578 0.1739
vn 0.2058 -0.9435 -0.2598
vn 0.3155 -0.9291 0.1931
vn 0.3555 -0.6462 0.6754
vn -0.3555 0.6462 -0.6754
vn -0.3155 0.9291 -0.1931
vn -0.2058 0.9435 0.2598
vn -0.2694 0.0996 -0.9579
vn -0.1012 -0.4316 -0.8963
vn 0.0648 -0.7751 -0.6285
vn -0.0648 0.7751 0.6285
vn 0.1012 0.4316 0.8963
vn 0.2694 -0.0996 0.9579
vn -0.9025 -0.3981 0.1647
vn 0.3355 -0.8851 0.3227
vn -0.9036 -0.3968 0.1617
vn -0.9253 -0.3161 0.2096
vn -0.3346 0.3906 -0.8576
vn 0.7818 -0.3974 -0.4805
vn -0.5943 -0.7929 -0.1347
vn -0.1475 -0.3087 -0.9397
vn 0.8067 -0.3582 -0.4700
vn 0.9234 0.3032 -0.2352
vn -0.9349 -0.2859 0.2102
vn -0.9754 -0.2190 0.0239
vn -0.8585 -0.5074 0.0738
vn -0.8002 -0.5988 0.0327
vn -0.8443 -0.5297 0.0811
vn -0.4830 -0.8515 -0.2040
vn -0.0641 -0.9168 -0.3941
vn 0.3255 -0.8069 -0.4929
vn 0.6816 -0.5311 -0.5033
vn 0.9282 -0.0339 -0.3706
vn -0.1348 0.8809 0.4538
vn -0.7696 -0.6385 0.0029
vn -0.8329 -0.4957 0.2460
vn -0.3560 0.4729 -0.8060
vn -0.8920 -0.4277 0.1460
vn 0.9253 0.3161 -0.2096
vn 0.6780 0.4189 -0.6040
vn -0.9862 -0.0806 -0.1445
vn -0.3345 0.3905 -0.8577
vn -0.9264 -0.3148 0.2066
vn -0.8597 -0.5010 0.1002
vn -0.8642 -0.4918 0.1061
vn -0.8817 -0.4527 0.1328
vn 0.2389 -0.4787 0.8448
vn -0.1011 0.8306 0.5476
vn 0.0779 -0.7960 -0.6003
vn 0.0619 -0.7704 -0.6346
vn -0.8433 -0.3712 0.3888
vn -0.9164 -0.3672 0.1594
vn -0.9255 -0.2970 0.2352
vn -0.9196 -0.3402 0.1965
vn -0.9202 -0.3378 0.1978
vn 0.9350 0.2897 -0.2047
vn 0.9155 0.3558 -0.1878
vn -0.5685 0.3053 -0.7639
vn -0.8630 -0.4942 0.1045
vn -0.8551 -0.5098 0.0944
vn 0.0205 -0.4739 0.8804
vn -0.9833 -0.1169 -0.1392
vn -0.9697 -0.1487 -0.1940
vn 0.1976 -0.8610 -0.4687
vn -0.1948 0.9356 0.2946
vn -0.2083 0.9450 0.2520
vn 0.1743 -0.9180 -0.3562
vn 0.0473 0.4645 -0.8843
vn -0.3346 0.3905 -0.8576
vn 0.1348 -0.8753 -0.4645
vn 0.3375 -0.3897 0.8569
vn -0.5686 0.3053 -0.7639
vn -0.1392 0.8798 0.4546
vn -0.9862 -0.0807 -0.1445
vn -0.0822 -0.4678 0.8800
vn -0.5685 0.3052 -0.7639
vn 0.9342 0.2686 -0.2347
vn 0.0989 -0.8281 -0.5519
vn 0.0982 -0.8270 -0.5535
vn 0.0985 -0.8275 -0.5527
vn 0.0913 -0.8173 -0.5690
vn 0.1127 -0.7928 -0.5989
vn 0.0235 -0.4561 0.8896
vn -0.3347 0.3905 -0.8576
vn -0.2895 0.8240 0.4870
vn 0.2895 -0.8240 -0.4870
vn -0.6965 -0.7151 -0.0600
vn 0.1616 -0.9139 -0.3725
vn -0.1976 0.8610 0.4687
vn -0.1709 0.9069 0.3851
vn 0.8322 0.4241 -0.3572
vn 0.8342 0.5471 -0.0693
vn -0.0213 -0.4812 0.8764
vn -0.3347 0.3904 -0.8576
vn 0.3249 -0.3938 0.8599
vn -0.9139 -0.3622 0.1835
vn -0.0720 -0.4889 0.8694
vn -0.1551 0.8986 0.4104
vn -0.1049 0.8360 0.5386
vn 0.2338 -0.9581 -0.1655
vn -0.9156 -0.3601 0.1788
vn -0.1710 0.8148 0.5539
vn 0.2009 -0.8540 -0.4800
vn -0.3248 0.3938 -0.8599
vn -0.9495 0.0125 -0.3136
vn -0.0185 0.6938 0.7199
vn -0.3219 -0.8501 -0.4167
vn -0.6726 -0.4408 0.5944
vn 0.3227 -0.3941 0.8606
vn 0.1759 -0.9195 -0.3515
vn -0.3024 -0.4748 0.8265
vn -0.4920 0.7056 0.5099
vn 0.9151 -0.0619 0.3986
vn -0.9097 -0.3671 0.1942
vn -0.9031 -0.3973 0.1629
vn -0.9020 -0.3986 0.1659
vn 0.3228 -0.3940 0.8606
vn 0.8055 -0.3567 -0.4732
vn 0.9350 0.2895 -0.2051
vn -0.9254 -0.2973 0.2352
vn -0.8346 -0.3870 0.3919
vn -0.8456 -0.5229 0.1077
vn -0.9197 -0.3921 0.0191
vn 0.2980 -0.3077 0.9036
vn 0.9807 0.0578 0.1870
vn -0.7123 -0.4075 0.5714
vn 0.3229 -0.3940 0.8605
vn -0.9241 -0.3175 0.2126
vn -0.8830 -0.4512 0.1296
vn -0.4133 0.2996 -0.8599
vn -0.1743 0.9180 0.3562
vn 0.1948 -0.9356 -0.2946
vn 0.2083 -0.9450 -0.2520
vn -0.9763 -0.2123 0.0409
vn -0.9031 -0.3831 0.1941
vn -0.9349 -0.2857 0.2105
vn 0.9233 0.3037 -0.2352
vn 0.0644 -0.4502 0.8906
vn 0.3227 -0.3940 0.8606
vn -0.6033 0.2706 -0.7502
vn -0.7224 -0.4283 0.5429
vn -0.6889 -0.4838 0.5398
vn -0.0779 0.7960 0.6003
vn -0.0619 0.7704 0.6346
vn 0.1011 -0.8306 -0.5476
vn 0.6563 -0.2623 0.7075
vn 0.1423 -0.8842 -0.4449
vn -0.3198 0.3948 -0.8613
vn -0.1390 0.8795 0.4551
vn -0.6820 0.2482 -0.6879
vn 0.1757 -0.9197 -0.3512
vn 0.1763 -0.9203 -0.3493
vn 0.1760 -0.9200 -0.3502
vn 0.1822 -0.9257 -0.3315
vn 0.2221 -0.9235 -0.3128
vn -0.6016 0.2900 -0.7443
vn 0.3226 -0.3940 0.8606
vn 0.1014 -0.8420 -0.5298
vn -0.1176 0.8433 0.5244
vn 0.9635 0.2674 -0.0140
vn -0.6357 0.2521 -0.7296
vn -0.3325 0.3907 -0.8584
vn 0.3228 -0.3940 0.8605
vn -0.9134 -0.3627 0.1846
vn -0.6735 0.2290 -0.7028
vn -0.1217 0.8587 0.4978
vn 0.3228 -0.3941 0.8606
vn -0.1708 0.9147 0.3663
vn 0.0297 -0.7145 -0.6990
vn -0.9116 -0.3648 0.1893
vn -0.2368 0.8933 0.3820
vn 0.2083 -0.8629 -0.4605
vn 0.3325 -0.3908 0.8583
vn -0.5640 -0.4475 0.6940
vt 0.850655 0.054005
vt 0.914423 0.177166
vt 0.907400 0.167569
vt 0.843632 0.044408
vt 0.315359 0.031172
vt 0.259540 0.031165
vt 0.249937 0.000004
vt 0.311316 0.000012
vt 0.105953 0.985224
vt 0.103919 0.917931
vt 0.130359 0.917018
vt 0.130359 0.985586
vt 0.863328 0.963797
vt 0.863328 0.922157
vt 0.884448 0.922157
vt 0.884448 0.963797
vt 0.828412 0.947720
vt 0.828412 0.955222
vt 0.793058 0.955222
vt 0.793058 0.947720
vt 0.804699 0.674392
vt 0.748880 0.674319
vt 0.748880 0.479982
vt 0.804699 0.480056
vt 0.494190 0.644649
vt 0.494190 0.480356
vt 0.519032 0.480356
vt 0.519032 0.644649
vt 0.716001 0.101995
vt 0.720909 0.101995
vt 0.715875 0.199024
vt 0.712182 0.199024
vt 0.539521 0.888862
vt 0.519032 0.888862
vt 0.519032 0.730740
vt 0.535677 0.730740
vt 0.212672 0.834275
vt 0.192848 0.834275
vt 0.192848 0.805784
vt 0.212672 0.805784
vt 0.795073 0.404281
vt 0.756920 0.404189
vt 0.757115 0.355802
vt 0.795308 0.355864
vt 0.451764 0.970359
vt 0.451764 0.932145
vt 0.468565 0.932156
vt 0.468565 0.970370
vt 0.413035 0.018257
vt 0.398406 0.018261
vt 0.376067 0.008668
vt 0.377840 0.000030
vt 0.413035 0.000022
vt 0.704828 0.845970
vt 0.673745 0.845969
vt 0.673746 0.825339
vt 0.704829 0.825340
vt 0.220693 0.720326
vt 0.206711 0.720326
vt 0.217463 0.654051
vt 0.226913 0.654051
vt 0.109124 0.115092
vt 0.192848 0.115227
vt 0.192757 0.204227
vt 0.114391 0.204094
vt 0.880494 0.638926
vt 0.880463 0.646448
vt 0.853029 0.645692
vt 0.853029 0.638169
vt 0.674060 0.922745
vt 0.706187 0.922746
vt 0.706187 0.948224
vt 0.674060 0.948223
vt 0.984849 0.080175
vt 0.984849 0.000000
vt 0.997518 0.000000
vt 0.997518 0.080175
vt 0.715875 0.306373
vt 0.712182 0.306373
vt 0.832391 0.000353
vt 0.841841 0.000449
vt 0.840984 0.084771
vt 0.831534 0.084675
vt 0.109124 0.000176
vt 0.192848 0.000311
vt 0.733555 0.000000
vt 0.741313 0.000000
vt 0.350161 0.418695
vt 0.355961 0.418696
vt 0.355961 0.449775
vt 0.349583 0.449774
vt 0.338593 0.663565
vt 0.352256 0.654051
vt 0.355326 0.658385
vt 0.341663 0.667900
vt 0.743080 0.672987
vt 0.748878 0.672986
vt 0.748880 0.688825
vt 0.743082 0.688826
vt 0.000010 0.864651
vt 0.000000 0.808786
vt 0.021895 0.827925
vt 0.021901 0.862738
vt 0.795377 0.320177
vt 0.757184 0.320115
vt 0.757210 0.211182
vt 0.795403 0.211244
vt 0.795493 0.259415
vt 0.757300 0.259353
vt 0.494147 0.735907
vt 0.493594 0.795166
vt 0.481895 0.760689
vt 0.481396 0.735439
vt 0.097836 0.898361
vt 0.097836 0.965684
vt 0.085228 0.926425
vt 0.086280 0.898579
vt 0.925436 0.384403
vt 0.906956 0.387626
vt 0.887318 0.274332
vt 0.905797 0.271109
vt 0.715876 0.479982
vt 0.712182 0.479982
vt 0.839598 0.221140
vt 0.830148 0.221044
vt 0.709881 0.922746
vt 0.709881 0.948224
vt 0.962413 0.135237
vt 0.953297 0.135237
vt 0.953297 0.133444
vt 0.962413 0.133444
vt 0.494190 0.810360
vt 0.519032 0.810360
vt 0.221347 0.031160
vt 0.207625 0.016155
vt 0.214732 0.000000
vt 0.828412 0.867381
vt 0.828412 0.862623
vt 0.853253 0.862623
vt 0.853253 0.867381
vt 0.156089 0.324837
vt 0.175294 0.324870
vt 0.147051 0.519979
vt 0.131775 0.519952
vt 0.639513 0.825137
vt 0.639513 0.856481
vt 0.614672 0.856481
vt 0.614672 0.825137
vt 0.517951 0.001082
vt 0.476586 0.018244
vt 0.474398 0.000009
vt 0.512655 0.000001
vt 0.519032 0.000000
vt 0.413035 0.431551
vt 0.476586 0.431537
vt 0.517951 0.448682
vt 0.519032 0.449764
vt 0.512655 0.449765
vt 0.474398 0.449773
vt 0.413035 0.449786
vt 0.377422 0.419429
vt 0.386291 0.428306
vt 0.373821 0.437143
vt 0.368598 0.431915
vt 0.645673 0.413310
vt 0.645673 0.560864
vt 0.640579 0.560864
vt 0.640579 0.413310
vt 0.639513 0.770489
vt 0.614672 0.770489
vt 0.221347 0.418679
vt 0.259540 0.418684
vt 0.249937 0.449761
vt 0.214732 0.449757
vt 0.207646 0.433619
vt 0.987330 0.818427
vt 0.987330 0.946782
vt 0.982236 0.946782
vt 0.982236 0.818427
vt 0.645673 0.756716
vt 0.645673 0.813312
vt 0.640579 0.813312
vt 0.640579 0.756715
vt 0.377422 0.030394
vt 0.374176 0.042524
vt 0.364589 0.020161
vt 0.368598 0.017912
vt 0.645673 0.709839
vt 0.640579 0.709839
vt 0.374176 0.407301
vt 0.364589 0.429668
vt 0.500817 0.224012
vt 0.500817 0.042497
vt 0.519032 0.224009
vt 0.451106 0.795148
vt 0.451106 0.842568
vt 0.446012 0.842568
vt 0.446012 0.795148
vt 0.557891 0.205787
vt 0.645673 0.205768
vt 0.645673 0.389030
vt 0.642427 0.401160
vt 0.633558 0.410041
vt 0.621443 0.413293
vt 0.557892 0.413307
vt 0.557891 0.000013
vt 0.519032 0.205795
vt 0.519032 0.024280
vt 0.522278 0.012150
vt 0.531147 0.003269
vt 0.543262 0.000016
vt 0.543262 0.413310
vt 0.531147 0.410062
vt 0.522278 0.401185
vt 0.519032 0.389057
vt 0.621442 0.000000
vt 0.633558 0.003247
vt 0.642427 0.012125
vt 0.645673 0.024253
vt 0.987330 0.688838
vt 0.982236 0.688838
vt 0.451106 0.853484
vt 0.446012 0.853484
vt 0.386291 0.021513
vt 0.373821 0.012682
vt 0.500817 0.407274
vt 0.374176 0.224039
vt 0.355961 0.427895
vt 0.355961 0.224043
vt 0.355961 0.021938
vt 0.377840 0.449793
vt 0.376067 0.441156
vt 0.398406 0.431554
vt 0.488702 0.428285
vt 0.497571 0.419404
vt 0.497571 0.030369
vt 0.488702 0.021492
vt 0.451106 0.864691
vt 0.446012 0.864691
vt 0.451106 0.877229
vt 0.446012 0.877229
vt 0.451106 0.887738
vt 0.446012 0.887738
vt 0.645673 0.845974
vt 0.640579 0.845974
vt 0.640579 0.837541
vt 0.645673 0.837541
vt 0.640579 0.825586
vt 0.645673 0.825586
vt 0.645673 0.721591
vt 0.640579 0.721591
vt 0.645673 0.733981
vt 0.640579 0.733981
vt 0.645673 0.743687
vt 0.640579 0.743687
vt 0.987330 0.981090
vt 0.982236 0.981090
vt 0.982236 0.970215
vt 0.987330 0.970215
vt 0.982236 0.957657
vt 0.987330 0.957657
vt 0.645673 0.743687
vt 0.639513 0.736419
vt 0.614672 0.736419
vt 0.828412 0.941714
vt 0.828412 0.895927
vt 0.853253 0.895927
vt 0.853253 0.941714
vt 0.000017 0.899481
vt 0.021908 0.899208
vt 0.940630 0.823633
vt 0.940630 0.773935
vt 0.967085 0.773935
vt 0.967085 0.823633
vt 0.334804 0.914957
vt 0.334804 0.865260
vt 0.341098 0.865260
vt 0.341098 0.914957
vt 0.315359 0.418691
vt 0.311316 0.449769
vt 0.839501 0.674438
vt 0.839501 0.480102
vt 0.449539 0.948193
vt 0.449539 0.974154
vt 0.442043 0.974154
vt 0.442043 0.948193
vt 0.863328 0.989758
vt 0.884448 0.989758
vt 0.350161 0.031176
vt 0.349583 0.000017
vt 0.795493 0.000088
vt 0.795432 0.194425
vt 0.757239 0.194362
vt 0.757300 0.000026
vt 0.580093 0.895161
vt 0.580093 0.888862
vt 0.614069 0.888862
vt 0.614069 0.895161
vt 0.468565 0.986276
vt 0.451764 0.986265
vt 0.614069 0.949954
vt 0.628211 0.895161
vt 0.628211 0.949954
vt 0.855821 0.050407
vt 0.848798 0.040810
vt 0.262801 0.970375
vt 0.255306 0.970375
vt 0.257150 0.948018
vt 0.260957 0.948018
vt 0.411780 0.964940
vt 0.355961 0.964933
vt 0.355961 0.921408
vt 0.411780 0.921415
vt 0.784804 0.404291
vt 0.784804 0.460141
vt 0.741313 0.460132
vt 0.741313 0.404281
vt 0.232657 0.854115
vt 0.232657 0.834275
vt 0.263411 0.834275
vt 0.263411 0.854115
vt 0.232657 0.926874
vt 0.232657 0.919372
vt 0.263411 0.919372
vt 0.263411 0.926874
vt 0.940630 0.708678
vt 0.982236 0.708678
vt 0.982236 0.773935
vt 0.900760 0.019112
vt 0.893737 0.009515
vt 0.741313 0.211156
vt 0.741342 0.194336
vt 0.580093 0.949954
vt 0.072855 0.905287
vt 0.078654 0.905286
vt 0.078654 0.961629
vt 0.072855 0.961630
vt 0.280056 0.914957
vt 0.280056 0.865260
vt 0.796879 0.084322
vt 0.800452 0.084359
vt 0.799067 0.220727
vt 0.795493 0.220691
vt 0.355961 0.031177
vt 0.355960 0.038690
vt 0.350160 0.038690
vt 0.666163 0.000000
vt 0.668471 0.101995
vt 0.288488 0.805784
vt 0.277876 0.805784
vt 0.266679 0.720326
vt 0.268084 0.720326
vt 0.797736 0.000000
vt 0.801309 0.000036
vt 0.839472 0.233566
vt 0.841389 0.221158
vt 0.841263 0.233584
vt 0.257996 0.654051
vt 0.261570 0.654051
vt 0.880780 0.569115
vt 0.853029 0.568359
vt 0.853029 0.544643
vt 0.880780 0.545399
vt 0.285371 0.834275
vt 0.277876 0.834275
vt 0.614672 0.888862
vt 0.606914 0.888862
vt 0.590425 0.730740
vt 0.596718 0.730740
vt 0.680055 0.199024
vt 0.828412 0.882463
vt 0.793058 0.882463
vt 0.257150 0.926874
vt 0.260957 0.926874
vt 0.902609 0.922157
vt 0.902609 0.978007
vt 0.884448 0.964306
vt 0.884448 0.935947
vt 0.369723 0.903230
vt 0.398066 0.903234
vt 0.770304 0.953376
vt 0.770304 0.949567
vt 0.416104 0.923070
vt 0.442043 0.923070
vt 0.442043 0.988328
vt 0.416104 0.988328
vt 0.192848 0.919372
vt 0.192848 0.854115
vt 0.315359 0.362348
vt 0.350161 0.362353
vt 0.181110 0.793629
vt 0.181110 0.634491
vt 0.182937 0.620940
vt 0.182937 0.780078
vt 0.120458 0.627597
vt 0.103919 0.625717
vt 0.105747 0.612166
vt 0.122286 0.614046
vt 0.174856 0.633780
vt 0.176684 0.620229
vt 0.741403 0.000000
vt 0.171980 0.988289
vt 0.171980 0.793629
vt 0.187873 0.793664
vt 0.187873 0.988323
vt 0.987057 0.688356
vt 0.987057 0.682057
vt 0.998907 0.682057
vt 0.998907 0.688356
vt 0.987057 0.627265
vt 0.987057 0.610606
vt 0.998907 0.610606
vt 0.998907 0.627265
vt 0.628211 0.888862
vt 0.982687 0.165212
vt 0.982687 0.171015
vt 0.972980 0.171013
vt 0.972980 0.165210
vt 0.454185 0.658649
vt 0.419383 0.658646
vt 0.418382 0.652040
vt 0.454041 0.652043
vt 0.759537 0.845463
vt 0.709881 0.845463
vt 0.709881 0.825339
vt 0.759537 0.825339
vt 0.708287 0.672999
vt 0.652483 0.673016
vt 0.658068 0.666409
vt 0.707286 0.666393
vt 0.984849 0.100623
vt 0.984849 0.120748
vt 0.971984 0.120748
vt 0.971984 0.100623
vt 0.363564 0.658642
vt 0.369151 0.652036
vt 0.795493 0.422530
vt 0.837099 0.422530
vt 0.837099 0.443056
vt 0.795493 0.443056
vt 0.652485 0.563805
vt 0.652484 0.480013
vt 0.658070 0.486617
vt 0.658071 0.564707
vt 0.519032 0.830853
vt 0.451764 0.830485
vt 0.451764 0.810360
vt 0.519032 0.810594
vt 0.363564 0.465628
vt 0.419383 0.465632
vt 0.418382 0.472238
vt 0.369151 0.472234
vt 0.645673 0.850408
vt 0.645673 0.877009
vt 0.641035 0.877009
vt 0.641035 0.850408
vt 0.188054 0.925512
vt 0.188054 0.881680
vt 0.192848 0.881680
vt 0.192848 0.925512
vt 0.188054 0.849931
vt 0.188054 0.844640
vt 0.192848 0.844640
vt 0.192848 0.849931
vt 0.645673 0.913734
vt 0.641035 0.913734
vt 0.187680 0.695638
vt 0.187800 0.758327
vt 0.183006 0.758354
vt 0.182937 0.695665
vt 0.708288 0.479996
vt 0.707288 0.486602
vt 0.454184 0.465635
vt 0.459985 0.465635
vt 0.459985 0.472241
vt 0.454042 0.472240
vt 0.743081 0.479984
vt 0.748879 0.479982
vt 0.748880 0.486588
vt 0.742939 0.486590
vt 0.363565 0.548447
vt 0.369152 0.549351
vt 0.742936 0.666382
vt 0.093366 0.219330
vt 0.054343 0.219267
vt 0.039102 0.203960
vt 0.093373 0.204054
vt 0.162168 0.309566
vt 0.162324 0.219442
vt 0.054187 0.309392
vt 0.038892 0.324631
vt 0.221347 0.225672
vt 0.221347 0.244445
vt 0.221347 0.391505
vt 0.192848 0.427851
vt 0.192848 0.225749
vt 0.510933 0.977695
vt 0.510933 0.932145
vt 0.516738 0.932145
vt 0.516738 0.977695
vt 0.915279 0.960509
vt 0.915279 0.922157
vt 0.927949 0.922157
vt 0.927949 0.960509
vt 0.705875 0.949146
vt 0.705875 0.980894
vt 0.693205 0.980894
vt 0.693205 0.949146
vt 0.510933 0.932145
vt 0.510933 0.999321
vt 0.498263 0.999321
vt 0.498263 0.932145
vt 1.000000 0.688838
vt 1.000000 0.756013
vt 0.987330 0.756013
vt 0.987330 0.688838
vt 0.758460 0.703052
vt 0.668433 0.703052
vt 0.656595 0.688838
vt 0.770304 0.688838
vt 0.838183 0.443056
vt 0.838183 0.474804
vt 0.825513 0.474804
vt 0.825513 0.443056
vt 0.668418 0.772069
vt 0.668410 0.811124
vt 0.656566 0.825339
vt 0.656577 0.774013
vt 0.915279 0.960226
vt 0.915279 0.998578
vt 0.902610 0.998578
vt 0.902610 0.960226
vt 0.758449 0.757288
vt 0.770290 0.755344
vt 0.984849 0.160351
vt 0.984849 0.080175
vt 0.997518 0.080175
vt 0.997518 0.160351
vt 0.758438 0.811124
vt 0.770276 0.825339
vt 0.267701 0.914957
vt 0.267701 0.936203
vt 0.263411 0.936203
vt 0.263986 0.925580
vt 0.265556 0.917804
vt 0.920300 0.470408
vt 0.920300 0.512131
vt 0.907630 0.512131
vt 0.907630 0.470408
vt 0.640881 0.938357
vt 0.640881 0.985386
vt 0.628211 0.985386
vt 0.628211 0.938357
vt 0.974684 0.473587
vt 0.974684 0.372321
vt 0.987354 0.372321
vt 0.987354 0.473587
vt 0.367820 0.780934
vt 0.457871 0.780934
vt 0.469717 0.795148
vt 0.355978 0.795148
vt 0.367815 0.741879
vt 0.355971 0.743823
vt 0.457864 0.727099
vt 0.457858 0.672864
vt 0.469700 0.658649
vt 0.469708 0.725155
vt 0.367807 0.672863
vt 0.355961 0.658649
vt 0.431517 0.836197
vt 0.431517 0.809665
vt 0.446012 0.795159
vt 0.446012 0.834214
vt 0.370456 0.888713
vt 0.431517 0.888721
vt 0.446012 0.903230
vt 0.355961 0.903219
vt 0.370456 0.809657
vt 0.355961 0.795148
vt 0.370456 0.847001
vt 0.355961 0.848983
vt 0.519032 0.930574
vt 0.580093 0.888870
vt 0.580093 0.930582
vt 0.097836 0.920445
vt 0.097836 0.886536
vt 0.103641 0.886536
vt 0.103641 0.920445
vt 0.170089 0.954160
vt 0.170089 0.972922
vt 0.164283 0.972922
vt 0.164283 0.954160
vt 0.084459 0.905286
vt 0.084459 0.959650
vt 0.078654 0.959650
vt 0.078654 0.905286
vt 0.984153 0.567208
vt 0.988228 0.567208
vt 0.992525 0.596978
vt 0.979855 0.596978
vt 0.988228 0.541901
vt 0.984153 0.541901
vt 0.979855 0.512131
vt 0.992525 0.512131
vt 0.004075 0.929709
vt 0.000000 0.929709
vt 0.000546 0.917498
vt 0.002037 0.908558
vt 0.004075 0.905286
vt 0.004075 0.954133
vt 0.000000 0.954133
vt 0.301498 0.914969
vt 0.335423 0.914957
vt 0.335437 0.945002
vt 0.301512 0.945013
vt 0.301474 0.957449
vt 0.297399 0.957449
vt 0.297399 0.936203
vt 0.301474 0.936203
vt 0.825513 0.443062
vt 0.825513 0.477006
vt 0.795493 0.476999
vt 0.795493 0.443056
vt 0.033773 0.929709
vt 0.033773 0.905286
vt 0.035918 0.908558
vt 0.037488 0.917498
vt 0.038063 0.929709
vt 0.267701 0.969674
vt 0.263411 0.969674
vt 0.472807 0.932145
vt 0.472807 0.962349
vt 0.468565 0.962349
vt 0.468565 0.932145
vt 0.029531 0.929709
vt 0.029531 0.905286
vt 0.271943 0.914957
vt 0.271943 0.936203
vt 0.766300 0.951135
vt 0.741014 0.951135
vt 0.741014 0.946889
vt 0.766300 0.946889
vt 0.636087 0.724472
vt 0.636087 0.694268
vt 0.640377 0.694268
vt 0.640377 0.724472
vt 0.038063 0.968187
vt 0.033773 0.968187
vt 0.921240 0.435001
vt 0.887324 0.434959
vt 0.887393 0.387626
vt 0.921308 0.387668
vt 0.164283 0.917022
vt 0.164283 0.964356
vt 0.130359 0.964351
vt 0.766300 0.976612
vt 0.741014 0.976612
vt 0.741014 0.972366
vt 0.766300 0.972366
vt 0.741014 0.968120
vt 0.766300 0.968120
vt 0.741014 0.963874
vt 0.766300 0.963874
vt 0.741014 0.959628
vt 0.766300 0.959627
vt 0.741014 0.955381
vt 0.766300 0.955381
vt 0.297399 0.914957
vt 0.293156 0.936203
vt 0.293156 0.914957
vt 0.288914 0.936203
vt 0.288914 0.914957
vt 0.284671 0.936203
vt 0.284671 0.914957
vt 0.280428 0.936203
vt 0.280428 0.914957
vt 0.276186 0.936203
vt 0.276186 0.914957
vt 0.008318 0.905286
vt 0.008318 0.929709
vt 0.012560 0.905286
vt 0.012560 0.929709
vt 0.016803 0.905286
vt 0.016803 0.929709
vt 0.021045 0.905286
vt 0.021045 0.929709
vt 0.025288 0.905286
vt 0.025288 0.929709
vt 0.498263 0.962349
vt 0.494020 0.962349
vt 0.494020 0.932145
vt 0.489778 0.962349
vt 0.489778 0.932145
vt 0.485535 0.962349
vt 0.485535 0.932145
vt 0.481293 0.962349
vt 0.481293 0.932145
vt 0.477050 0.962349
vt 0.477050 0.932145
vt 0.335437 0.960029
vt 0.301512 0.960041
vt 0.335423 0.971041
vt 0.301498 0.971053
vt 0.335398 0.975086
vt 0.301474 0.975098
vt 0.921308 0.465081
vt 0.887393 0.465039
vt 0.887343 0.460996
vt 0.921258 0.461038
vt 0.887318 0.449986
vt 0.921233 0.450028
vt 0.299436 0.917804
vt 0.300928 0.925580
vt 0.487137 0.604031
vt 0.487137 0.573061
vt 0.493873 0.572949
vt 0.493873 0.603918
vt 0.784804 0.461944
vt 0.784804 0.435995
vt 0.791951 0.435995
vt 0.791951 0.461944
vt 0.963450 0.675954
vt 0.907630 0.675967
vt 0.909550 0.654297
vt 0.944334 0.654289
vt 0.963450 0.591632
vt 0.944326 0.591637
vt 0.712039 0.947231
vt 0.710819 0.963722
vt 0.709881 0.962578
vt 0.711100 0.946087
vt 0.869401 0.774450
vt 0.869406 0.838586
vt 0.863332 0.838587
vt 0.863328 0.774452
vt 0.940625 0.774435
vt 0.940630 0.838570
vt 0.905846 0.838578
vt 0.905841 0.774442
vt 0.487137 0.636475
vt 0.493873 0.636362
vt 0.784804 0.408812
vt 0.784804 0.404281
vt 0.791951 0.404281
vt 0.791951 0.408812
vt 0.853253 0.906930
vt 0.853799 0.862623
vt 0.860942 0.862896
vt 0.860559 0.908257
vt 0.416104 0.903230
vt 0.442043 0.903230
vt 0.793058 0.862623
vt 0.659536 0.101995
vt 0.670288 0.199024
vt 0.828934 0.309296
vt 0.838701 0.309396
vt 0.838595 0.319883
vt 0.828827 0.319783
vt 0.645673 0.000000
vt 0.226810 0.926877
vt 0.226810 0.932680
vt 0.219303 0.932678
vt 0.219303 0.926874
vt 0.355326 0.825954
vt 0.355326 0.946625
vt 0.342435 0.946627
vt 0.342435 0.825956
vt 0.263411 0.914957
vt 0.263411 0.865260
vt 0.580093 0.966613
vt 0.614069 0.966613
vt 0.914423 0.009597
vt 0.907400 0.000000
vt 0.940630 0.688838
vt 0.982236 0.688838
vt 0.628211 0.966613
vt 0.961719 0.945421
vt 0.961719 0.838593
vt 0.977425 0.838587
vt 0.977425 0.945415
vt 0.133447 0.599008
vt 0.146946 0.532940
vt 0.176096 0.532986
vt 0.162596 0.599055
vt 0.875759 0.458124
vt 0.843632 0.458124
vt 0.843632 0.350775
vt 0.875759 0.350775
vt 0.885526 0.458124
vt 0.885526 0.350775
vt 0.875759 0.177166
vt 0.885526 0.177166
vt 0.962413 0.145012
vt 0.962413 0.177166
vt 0.953297 0.177166
vt 0.953297 0.145012
vt 0.974684 0.177167
vt 0.987575 0.177166
vt 0.987575 0.372319
vt 0.985163 0.473587
vt 0.985163 0.505740
vt 0.974684 0.505740
vt 0.974684 0.473587
vt 0.840492 0.309414
vt 0.840386 0.319901
vt 0.889011 0.639156
vt 0.889011 0.646678
vt 0.131680 0.532915
vt 0.120071 0.598986
vt 0.708402 0.845970
vt 0.708402 0.825340
vt 0.192848 0.021900
vt 0.093209 0.309455
vt 0.107977 0.309479
vt 0.052160 0.324655
vt 0.854217 0.968395
vt 0.854372 0.923557
vt 0.860628 0.922748
vt 0.860942 0.968827
vt 0.940626 0.753956
vt 0.905842 0.753963
vt 0.905846 0.688845
vt 0.869406 0.688853
vt 0.869402 0.753971
vt 0.863328 0.753973
vt 0.863333 0.688855
vt 0.085224 0.808786
vt 0.085228 0.827925
vt 0.645673 0.949146
vt 0.669106 0.949165
vt 0.669812 0.950159
vt 0.646379 0.950140
vt 0.170089 0.917018
vt 0.170089 0.946514
vt 0.164283 0.946514
vt 0.164283 0.917018
vt 0.097836 0.950802
vt 0.097836 0.929234
vt 0.103641 0.929234
vt 0.103641 0.950802
vt 0.519032 0.967918
vt 0.519032 0.941386
vt 0.580093 0.941394
vt 0.580093 0.967925
vt 0.370456 0.836189
vt 0.355961 0.834203
vt 0.819185 0.967221
vt 0.819185 0.955222
vt 0.820153 0.955222
vt 0.820153 0.967221
vt 0.431517 0.847009
vt 0.446012 0.848995
vt 0.457866 0.741879
vt 0.469711 0.743823
vt 0.968053 0.818024
vt 0.968053 0.826340
vt 0.967085 0.826340
vt 0.967085 0.818024
vt 0.367814 0.727099
vt 0.355969 0.725155
vt 0.640881 0.888862
vt 0.640881 0.925156
vt 0.628211 0.925156
vt 0.628211 0.888862
vt 0.255306 0.926874
vt 0.255306 0.980938
vt 0.242636 0.980938
vt 0.242636 0.926874
vt 0.645673 0.770972
vt 0.657514 0.769661
vt 0.758446 0.772069
vt 0.770287 0.774013
vt 0.915279 0.922157
vt 0.915279 0.949774
vt 0.902610 0.949774
vt 0.902610 0.922157
vt 0.668422 0.757288
vt 0.656581 0.755344
vt 0.255306 0.989768
vt 0.242636 0.989768
vt 0.987330 0.816519
vt 0.987330 0.772430
vt 1.000000 0.772430
vt 1.000000 0.816519
vt 0.752218 0.460141
vt 0.752218 0.474922
vt 0.741313 0.472517
vt 0.741313 0.462551
vt 0.980722 0.773935
vt 0.980722 0.818024
vt 0.968053 0.773935
vt 0.980722 0.826340
vt 0.915279 0.970961
vt 0.927949 0.970961
vt 0.927949 0.998578
vt 0.108134 0.219354
vt 0.363563 0.574847
vt 0.369150 0.573943
vt 0.187675 0.612166
vt 0.187800 0.675648
vt 0.183110 0.675674
vt 0.183037 0.612193
vt 0.171980 0.814389
vt 0.103919 0.814021
vt 0.103919 0.793629
vt 0.171980 0.793863
vt 0.355961 0.574846
vt 0.355963 0.548447
vt 0.652481 0.590200
vt 0.658067 0.589295
vt 0.047702 0.611981
vt 0.038456 0.611966
vt 0.038444 0.598854
vt 0.047685 0.598869
vt 0.887318 0.177166
vt 0.887318 0.350775
vt 0.097836 0.808786
vt 0.097836 0.876902
vt 0.087158 0.877046
vt 0.088334 0.848045
vt 0.494147 0.658649
vt 0.493613 0.717219
vt 0.481020 0.716691
vt 0.480618 0.692449
vt 0.795428 0.293679
vt 0.757235 0.293617
vt 0.000000 0.000000
vt 0.082749 0.000133
vt 0.082749 0.115049
vt 0.000000 0.114916
vt 0.910713 0.179733
vt 0.925436 0.177166
vt 0.849857 0.645605
vt 0.849857 0.638083
vt 0.987057 0.618939
vt 0.987057 0.687056
vt 0.964149 0.688356
vt 0.965937 0.619028
vt 0.335486 0.970215
vt 0.349728 0.969629
vt 0.355326 0.970650
vt 0.336768 0.971414
vt 0.468773 0.739472
vt 0.468772 0.729507
vt 0.480616 0.728196
vt 0.480618 0.740782
vt 0.255306 1.000000
vt 0.242636 1.000000
vt 0.657517 0.759696
vt 0.645676 0.758385
vt 0.987330 0.764114
vt 1.000000 0.756013
vt 1.000000 0.764114
vt 0.980722 0.834440
vt 0.968053 0.834440
vt 0.806515 0.967221
vt 0.819185 0.978032
vt 0.806515 0.978033
vt 0.759972 0.674438
vt 0.759972 0.687118
vt 0.748880 0.687118
vt 0.748880 0.674438
vt 0.763020 0.460141
vt 0.763020 0.472822
vt 0.752218 0.472822
vt 0.752218 0.460141
vt 0.793731 0.955223
vt 0.804535 0.955222
vt 0.806515 0.969729
vt 0.791747 0.969729
vt 0.804108 0.980646
vt 0.794151 0.980646
vt 0.820153 0.978032
vt 0.171056 0.946514
vt 0.171056 0.954160
vt 0.352076 0.449775
vt 0.352076 0.461910
vt 0.351109 0.461910
vt 0.351109 0.449775
vt 0.967085 0.834440
vt 0.863326 0.725004
vt 0.806797 0.724866
vt 0.806798 0.688838
vt 0.863328 0.688975
vt 0.680055 0.479982
vt 0.680055 0.306373
vt 0.880462 0.675737
vt 0.853029 0.674980
vt 0.863327 0.806741
vt 0.863327 0.820135
vt 0.806798 0.819997
vt 0.806798 0.806604
vt 0.840579 0.300829
vt 0.843632 0.300861
vt 0.843545 0.309445
vt 0.974684 0.177168
vt 0.974684 0.372272
vt 0.961794 0.372269
vt 0.961794 0.177166
vt 0.974684 0.492911
vt 0.961794 0.492909
vt 0.189795 0.700990
vt 0.189795 0.612166
vt 0.192848 0.612166
vt 0.192848 0.700990
vt 0.843632 0.000467
vt 0.842775 0.084789
vt 0.887318 0.458124
vt 0.972980 0.135237
vt 0.972980 0.133444
vt 0.770304 0.735435
vt 0.770304 0.724874
vt 0.806797 0.734120
vt 0.664293 0.915277
vt 0.664293 0.922745
vt 0.645673 0.923667
vt 0.645673 0.916199
vt 0.133508 0.612119
vt 0.162657 0.612166
vt 0.664293 0.948223
vt 0.870942 0.922157
vt 0.867249 0.922157
vt 0.873684 0.840226
vt 0.876856 0.840093
vt 0.863328 0.910553
vt 0.867410 0.851806
vt 0.912837 0.922157
vt 0.903069 0.922157
vt 0.904289 0.838938
vt 0.912837 0.838587
vt 0.931456 0.888496
vt 0.931456 0.920996
vt 0.038519 0.532765
vt 0.002445 0.598798
vt 0.002520 0.532708
vt 0.038554 0.519785
vt 0.002555 0.519728
vt 0.889010 0.675967
vt 0.849857 0.674893
vt 0.002458 0.611909
vt 0.770305 0.688846
vt 0.879560 0.479982
vt 0.889011 0.479982
vt 0.889011 0.545629
vt 0.844904 0.479982
vt 0.848477 0.479982
vt 0.849857 0.544556
vt 0.843583 0.536985
vt 0.839501 0.487596
vt 0.907630 0.480743
vt 0.907630 0.512950
vt 0.176201 0.520026
vt 0.889011 0.569345
vt 0.770305 0.833449
vt 0.806799 0.849172
vt 0.770306 0.862623
vt 0.664295 0.845969
vt 0.645675 0.846891
vt 0.645676 0.826261
vt 0.664295 0.825339
vt 0.849857 0.568272
vt 0.863328 0.849309
vt 0.192848 0.932038
vt 0.192848 0.926874
vt 0.219303 0.926874
vt 0.219303 0.932038
vt 0.945383 0.100623
vt 0.950543 0.100623
vt 0.950543 0.120748
vt 0.945383 0.120748
vt 0.737274 0.963722
vt 0.737274 0.976597
vt 0.710819 0.976597
vt 0.914423 0.140424
vt 0.914423 0.134619
vt 0.915820 0.134607
vt 0.915820 0.140412
vt 0.242636 0.926880
vt 0.242636 0.932684
vt 0.419382 0.449793
vt 0.454184 0.449796
vt 0.931646 0.140410
vt 0.931646 0.134605
vt 0.953297 0.134618
vt 0.953297 0.140696
vt 0.931646 0.175239
vt 0.915820 0.175241
vt 0.639139 0.449794
vt 0.639139 0.413334
vt 0.640553 0.413310
vt 0.640553 0.449770
vt 0.709881 0.975453
vt 0.669812 0.975098
vt 0.646379 0.975079
vt 0.791747 0.980706
vt 0.770304 0.980706
vt 0.771168 0.955222
vt 0.790225 0.956722
vt 0.349772 0.946675
vt 0.355326 0.946627
vt 0.676193 0.973545
vt 0.693205 0.973545
vt 0.691979 0.974795
vt 0.669812 0.974795
vt 0.676869 0.949146
vt 0.670488 0.949326
vt 0.645673 0.589482
vt 0.645678 0.563087
vt 0.971983 0.020626
vt 0.950543 0.020258
vt 0.950543 0.000000
vt 0.971983 0.000234
vt 0.759537 0.845597
vt 0.766300 0.825339
vt 0.766300 0.845597
vt 0.827753 0.955222
vt 0.827753 0.981611
vt 0.820153 0.981621
vt 0.820153 0.955232
vt 0.837099 0.340293
vt 0.837099 0.319901
vt 0.842765 0.319901
vt 0.842765 0.340293
vt 0.639513 0.885973
vt 0.614672 0.885973
vt 0.494190 0.449793
vt 0.519032 0.449793
vt 0.828412 0.967976
vt 0.853253 0.967976
vt 0.639139 0.455871
vt 0.640553 0.455847
vt 0.459984 0.449796
vt 0.226810 0.967501
vt 0.242636 0.967505
vt 0.914423 0.175254
vt 0.914423 0.100623
vt 0.914423 0.120748
vt 0.192848 0.963023
vt 0.219303 0.963023
vt 0.280056 0.834275
vt 0.411780 0.903230
vt 0.411780 0.923070
vt 0.487137 0.641882
vt 0.493873 0.641769
vt 0.748878 0.666380
vt 0.645673 0.845974
vt 0.641035 0.845974
vt 0.459985 0.658649
vt 0.459985 0.652043
vt 0.442043 0.943866
vt 0.442043 0.938061
vt 0.451749 0.938060
vt 0.451749 0.943865
vt 0.355961 0.362353
vt 0.411780 0.988328
vt 0.334804 0.834275
vt 0.038063 0.905294
vt 0.038063 0.961638
vt 0.355961 0.000018
vt 0.863328 0.994084
vt 0.884448 0.994084
vt 0.449539 0.943866
vt 0.352256 0.821619
vt 0.288488 0.698458
vt 0.291557 0.702793
vt 0.355326 0.825954
vt 0.000018 0.905286
vt 0.021909 0.905286
vt 0.639513 0.730740
vt 0.614672 0.730740
vt 0.708289 0.688838
vt 0.341098 0.834275
vt 0.102996 0.815085
vt 0.097836 0.815085
vt 0.097836 0.808786
vt 0.102996 0.808786
vt 0.102996 0.869877
vt 0.097836 0.869877
vt 0.102996 0.886536
vt 0.097836 0.886536
vt 0.351109 0.644119
vt 0.345309 0.644111
vt 0.345309 0.449775
vt 0.351109 0.449782
vt 0.293654 0.694861
vt 0.296723 0.699196
vt 0.664294 0.856778
vt 0.645675 0.857701
vt 0.770305 0.818162
vt 0.354170 0.642414
vt 0.354170 0.627105
vt 0.355961 0.627105
vt 0.355961 0.642414
vt 0.946849 0.498306
vt 0.925436 0.495233
vt 0.927841 0.373705
vt 0.946849 0.376432
vt 0.931730 0.177166
vt 0.946849 0.179335
vt 0.863326 0.734257
vt 0.049107 0.519804
vt 0.049065 0.532782
vt 0.853029 0.579247
vt 0.849857 0.579160
vt 0.487137 0.538968
vt 0.459985 0.538989
vt 0.465505 0.449810
vt 0.487137 0.449793
vt 0.120125 0.612098
vt 0.889011 0.580233
vt 0.880736 0.580003
vt 0.838788 0.300811
vt 0.793964 0.404281
vt 0.793964 0.462791
vt 0.791951 0.463617
vt 0.791951 0.405108
vt 0.487137 0.653954
vt 0.459985 0.653974
vt 0.354112 0.536332
vt 0.352287 0.536588
vt 0.354136 0.450031
vt 0.352287 0.449804
vt 0.352287 0.449833
vt 0.352287 0.449804
vt 0.352287 0.449775
vt 0.991433 0.177411
vt 0.991244 0.259741
vt 0.989417 0.259496
vt 0.989606 0.177166
vt 0.189795 0.844640
vt 0.187953 0.844640
vt 0.187953 0.700990
vt 0.860942 0.945472
vt 0.860942 0.862623
vt 0.862733 0.862623
vt 0.862733 0.945472
vt 0.519032 0.413310
vt 0.636087 0.414965
vt 0.636087 0.535617
vt 0.532177 0.534148
vt 0.636087 0.730740
vt 0.553436 0.729571
vt 0.198368 0.564872
vt 0.345309 0.564760
vt 0.309915 0.653962
vt 0.192848 0.654051
vt 0.198368 0.449886
vt 0.987575 0.277736
vt 0.987575 0.177166
vt 0.989417 0.177166
vt 0.989417 0.277736
vt 0.355961 0.626848
vt 0.354136 0.627105
vt 0.923151 0.387626
vt 0.923151 0.507172
vt 0.921308 0.507172
vt 0.921308 0.387626
vt 0.187953 0.612166
vt 0.642877 0.913734
vt 0.642877 0.972232
vt 0.641035 0.972232
vt 0.641035 0.913734
vt 0.991433 0.362676
vt 0.989606 0.362430
vt 0.987575 0.440382
vt 0.989417 0.440382
vt 0.103919 0.807339
vt 0.021259 0.613314
vt 0.103919 0.612166
vt 0.768296 0.825981
vt 0.768296 0.988627
vt 0.766300 0.987985
vt 0.770292 0.825339
vt 0.770292 0.968988
vt 0.768296 0.969892
vt 0.768296 0.826242
vt 0.925160 0.388607
vt 0.925160 0.473161
vt 0.923151 0.472180
vt 0.957396 0.859113
vt 0.931456 0.859113
vt 0.931456 0.838587
vt 0.957396 0.838587
vt 0.961719 0.859113
vt 0.961719 0.838587
vt 0.982687 0.130391
vt 0.972980 0.130389
vt 0.487137 0.470319
vt 0.494001 0.449793
vt 0.494001 0.470319
vt 0.442043 0.903231
vt 0.451749 0.903230
vt 0.263058 0.723304
vt 0.224416 0.723304
vt 0.273473 0.802805
vt 0.216954 0.802805
vt 0.964149 0.512131
vt 0.956688 0.591632
vt 0.918046 0.591632
vt 0.964149 0.618926
vt 0.979855 0.512144
vt 0.979855 0.618939
vt 0.987330 0.873084
vt 0.998436 0.816519
vt 0.998436 0.873084
vt 0.974487 0.945421
vt 0.974487 0.984094
vt 0.961719 0.984094
vt 0.948528 0.297806
vt 0.961794 0.297809
vt 0.961794 0.492912
vt 0.951242 0.492910
vt 0.946849 0.177166
vt 0.961794 0.177169
vt 0.636087 0.586919
vt 0.639139 0.586919
vt 0.639139 0.694268
vt 0.962413 0.130389
vt 0.636087 0.413310
vt 0.639139 0.413310
vt 0.487137 0.572948
vt 0.487137 0.552423
vt 0.494001 0.552423
vt 0.494001 0.572948
vt 0.487137 0.531897
vt 0.494001 0.531897
vt 0.487137 0.511371
vt 0.494001 0.511371
vt 0.487137 0.490845
vt 0.494001 0.490845
vt 0.961719 0.961742
vt 0.957396 0.961742
vt 0.957396 0.941216
vt 0.961719 0.941216
vt 0.957396 0.920690
vt 0.961719 0.920690
vt 0.957396 0.900165
vt 0.961719 0.900165
vt 0.957396 0.879639
vt 0.961719 0.879639
vt 0.931456 0.961742
vt 0.931456 0.941216
vt 0.931456 0.920690
vt 0.931456 0.900165
vt 0.931456 0.879639
vt 0.914423 0.000000
vt 0.945383 0.000000
vt 0.945383 0.020125
vt 0.914423 0.020125
vt 0.945383 0.040249
vt 0.914423 0.040249
vt 0.945383 0.060374
vt 0.914423 0.060374
vt 0.945383 0.080499
vt 0.914423 0.080499
vt 0.837099 0.442254
vt 0.837099 0.421861
vt 0.842765 0.421861
vt 0.842765 0.442254
vt 0.837099 0.401469
vt 0.842765 0.401469
vt 0.837099 0.381077
vt 0.842765 0.381077
vt 0.837099 0.360685
vt 0.842765 0.360685
vt 0.759538 0.946889
vt 0.759538 0.926631
vt 0.766300 0.926631
vt 0.759537 0.906372
vt 0.766300 0.906372
vt 0.759537 0.886114
vt 0.766300 0.886114
vt 0.759538 0.865856
vt 0.766300 0.865856
vt 0.971983 0.122587
vt 0.950543 0.121550
vt 0.950543 0.101292
vt 0.971983 0.102195
vt 0.950543 0.081034
vt 0.971983 0.081802
vt 0.950543 0.060775
vt 0.971983 0.061410
vt 0.950543 0.040517
vt 0.971983 0.041018
vt 0.950543 0.000000
vt 0.950543 0.020125
vt 0.950543 0.040249
vt 0.950543 0.060374
vt 0.950543 0.080499
vt 0.171980 0.917018
vt 0.103919 0.915982
vt 0.103919 0.895590
vt 0.171980 0.896492
vt 0.103919 0.875198
vt 0.171980 0.875966
vt 0.103919 0.854806
vt 0.171980 0.855441
vt 0.103919 0.834413
vt 0.171980 0.834915
vt 0.519032 0.932145
vt 0.451764 0.931108
vt 0.451764 0.910984
vt 0.519032 0.911886
vt 0.451764 0.890859
vt 0.519032 0.891628
vt 0.451764 0.870734
vt 0.519032 0.871369
vt 0.451764 0.850610
vt 0.519032 0.851111
vt 0.795493 0.319901
vt 0.837099 0.319901
vt 0.837099 0.340427
vt 0.795493 0.340427
vt 0.837099 0.360953
vt 0.795493 0.360953
vt 0.837099 0.381478
vt 0.795493 0.381478
vt 0.837099 0.402004
vt 0.795493 0.402004
vt 0.984849 0.000000
vt 0.984849 0.020125
vt 0.971983 0.020125
vt 0.971983 0.000000
vt 0.984849 0.040249
vt 0.971983 0.040249
vt 0.984849 0.060374
vt 0.971984 0.060374
vt 0.984849 0.080499
vt 0.971984 0.080499
vt 0.759537 0.946087
vt 0.709881 0.946087
vt 0.709881 0.925962
vt 0.759537 0.925962
vt 0.709881 0.905837
vt 0.759537 0.905837
vt 0.709881 0.885713
vt 0.759537 0.885713
vt 0.709881 0.865588
vt 0.759537 0.865588
s 0
usemtl Metal_body
f 326/9/3 318/12/3 2/11/3 143/10/3
f 149/13/4 86/16/4 1/15/4 144/14/4
f 119/29/6 113/32/6 158/31/6 26/30/6
f 250/37/4 535/40/4 10/39/4 3/38/4
f 5/41/7 31/44/7 33/43/7 11/42/7
f 13/45/8 100/48/8 97/47/8 7/46/8
f 121/54/1 394/57/1 396/56/1 265/55/1
f 532/58/4 252/61/4 16/60/4 28/59/4
f 321/62/10 290/65/10 159/64/10 29/63/10
f 256/70/12 379/73/12 383/72/12 120/71/12
f 113/32/13 116/79/13 161/78/13 158/31/13
f 252/80/14 263/83/14 24/82/14 16/81/14
f 288/84/15 321/62/15 29/63/15 11/85/15
f 535/40/4 532/58/4 28/59/4 10/39/4
f 110/86/13 119/29/13 26/30/13 12/87/13
f 86/100/16 244/103/16 243/102/16 1/101/16
f 291/104/17 293/105/17 33/43/17 31/44/17
f 12/106/18 32/109/18 30/108/18 6/107/18
f 287/110/1 291/113/1 31/112/1 5/111/1
f 320/114/3 292/117/3 32/116/3 12/115/3
f 498/118/19 502/121/19 27/120/19 9/119/19
f 116/79/13 120/123/13 34/122/13 161/78/13
f 263/83/14 265/125/14 35/124/14 24/82/14
f 120/71/12 383/72/12 382/127/12 34/126/12
f 482/141/20 485/144/20 37/143/20 160/142/20
f 440/269/16 459/270/16 244/103/16 86/100/16
f 143/271/13 2/274/13 91/273/13 147/272/13
f 3/172/2 38/173/2 94/280/2 90/279/2
f 446/283/4 437/286/4 92/285/4 123/284/4
f 451/287/4 440/288/4 86/16/4 149/13/4
f 13/45/8 141/300/8 140/299/8 100/48/8
f 446/334/9 449/337/9 750/336/9 735/335/9
f 160/340/14 37/343/14 121/342/14 117/341/14
f 259/347/13 255/348/13 119/29/13 110/86/13
f 11/349/4 29/352/4 533/351/4 534/350/4
f 159/353/14 160/340/14 117/341/14 112/354/14
f 484/355/3 492/357/3 369/356/3 35/124/3
f 29/352/4 159/359/4 112/358/4 533/351/4
f 253/360/37 389/363/37 395/362/37 114/361/37
f 5/364/4 11/349/4 534/350/4 107/365/4
f 255/348/6 261/370/6 113/32/6 119/29/6
f 555/423/13 142/426/13 146/425/13 560/424/13
f 565/437/4 148/440/4 145/439/4 546/438/4
f 575/445/3 324/448/3 142/447/3 555/446/3
f 296/484/44 289/487/44 158/486/44 18/485/44
f 25/488/45 160/142/45 159/64/45 17/489/45
f 18/485/46 158/486/46 161/491/46 23/490/46
f 203/643/13 202/646/13 201/645/13 204/644/13
f 244/714/53 248/717/53 247/716/53 243/715/53
f 242/718/4 246/721/4 249/720/4 245/719/4
f 2/722/54 242/725/54 245/724/54 91/723/54
f 318/726/55 313/727/55 242/725/55 2/722/55
f 245/728/56 407/731/56 405/730/56 91/729/56
f 459/740/53 461/741/53 248/717/53 244/714/53
f 458/742/4 460/745/4 878/744/4 872/743/4
f 313/746/1 345/749/1 246/748/1 242/747/1
f 27/753/6 15/754/6 261/370/6 255/348/6
f 256/755/3 278/758/3 276/757/3 36/756/3
f 9/759/13 27/753/13 255/348/13 259/347/13
f 117/341/14 121/342/14 265/125/14 263/83/14
f 251/777/59 539/780/59 536/779/59 264/778/59
f 112/354/14 117/341/14 263/83/14 252/80/14
f 533/351/4 112/358/4 252/61/4 532/58/4
f 283/781/60 397/784/60 398/783/60 285/782/60
f 107/365/4 534/350/4 535/40/4 250/37/4
f 276/757/3 372/805/3 366/804/3 36/756/3
f 37/810/1 393/811/1 394/57/1 121/54/1
f 298/813/62 23/490/62 161/491/62 495/815/62 482/141/62 160/142/62 25/488/62 297/814/62
f 243/816/1 247/819/1 315/818/1 314/817/1
f 314/817/1 315/818/1 345/749/1 313/746/1
f 1/101/65 243/102/65 314/828/65 319/827/65
f 313/829/66 408/832/66 409/831/66 314/830/66
f 297/885/9 346/888/9 347/887/9 298/886/9
f 17/489/70 159/64/70 290/65/70 330/896/70
f 330/896/71 290/65/71 289/487/71 296/484/71
f 546/903/3 145/906/3 325/905/3 570/904/3
f 11/917/3 33/920/3 293/919/3 288/918/3
f 288/918/3 293/919/3 292/117/3 320/114/3
f 6/921/1 30/924/1 323/923/1 286/922/1
f 286/922/1 323/923/1 291/113/1 287/110/1
f 30/108/78 32/109/78 292/926/78 323/925/78
f 323/925/79 292/926/79 293/105/79 291/104/79
f 12/927/15 26/930/15 322/929/15 320/928/15
f 320/928/15 322/929/15 321/62/15 288/84/15
f 502/121/19 499/932/19 15/931/19 27/120/19
f 26/930/81 158/486/81 289/487/81 322/929/81
f 322/929/82 289/487/82 290/65/82 321/62/82
f 144/935/3 1/938/3 319/937/3 294/936/3
f 19/981/87 384/984/87 387/983/87 375/982/87
f 120/123/13 116/79/13 254/986/13 256/985/13
f 115/68/88 377/988/88 381/987/88 262/67/88
f 366/804/3 542/995/3 545/994/3 509/993/3
f 24/82/14 368/1007/14 367/1006/14 16/81/14
f 499/1009/1 507/1010/1 365/131/1 15/128/1
f 35/124/14 369/356/14 368/1007/14 24/82/14
f 21/1018/91 392/1019/91 397/784/91 283/781/91
f 36/1015/12 380/1020/12 379/73/12 256/70/12
f 383/1021/13 377/1024/13 378/1023/13 382/1022/13
f 378/1023/92 386/1026/92 385/1025/92 382/1022/92
f 380/1027/13 384/1030/13 381/1029/13 379/1028/13
f 381/1029/13 377/1024/13 383/1021/13 379/1028/13
f 380/1027/13 388/1032/13 387/1031/13 384/1030/13
f 284/1033/93 385/1035/93 386/1034/93 282/913/93
f 376/1016/90 388/829/90 380/1020/90 36/1015/90
f 34/1036/94 382/1037/94 385/1035/94 284/1033/94
f 262/67/61 381/987/61 384/1038/61 19/807/61
f 22/933/88 378/1039/88 377/988/88 115/68/88
f 282/913/95 386/1034/95 378/1040/95 22/912/95
f 375/982/96 387/983/96 388/1041/96 376/1012/96
f 396/1042/97 389/363/97 390/1044/97 391/1043/97
f 393/1045/98 392/1047/98 395/362/98 394/1046/98
f 394/1046/99 395/362/99 389/363/99 396/1042/99
f 393/1045/100 398/1049/100 397/1048/100 392/1047/100
f 390/1044/101 400/1051/101 399/1050/101 391/1043/101
f 285/782/102 398/783/102 393/1052/102 37/143/102
f 20/1053/103 390/1044/103 389/363/103 253/360/103
f 373/1054/9 399/1056/9 400/1055/9 374/991/9
f 35/1057/90 391/1060/90 399/1059/90 373/1058/90
f 114/361/37 395/362/37 392/1047/37 21/1061/37
f 374/991/87 400/1055/87 390/1062/87 20/990/87
f 265/55/1 396/56/1 391/1060/1 35/1057/1
f 470/1082/54 471/1085/54 1047/1084/54 1043/1083/54
f 458/1088/105 471/1091/105 407/1090/105 245/1089/105
f 287/1116/111 415/1119/111 414/1118/111 286/1117/111
f 872/1130/105 1047/1131/105 471/1091/105 458/1088/105
f 405/1086/54 407/795/54 471/1085/54 470/1082/54
f 245/719/4 249/720/4 460/745/4 458/742/4
f 873/1143/53 879/1144/53 461/741/53 459/740/53
f 638/1150/2 1174/1153/2 528/1152/2 437/1151/2
f 123/1157/9 133/1158/9 449/337/9 446/334/9
f 767/1160/4 636/1161/4 440/288/4 451/287/4
f 735/1162/4 638/1150/4 437/286/4 446/283/4
f 636/1167/16 873/1168/16 459/270/16 440/269/16
f 16/1190/1 367/1193/1 490/1192/1 479/1191/1
f 367/1194/9 368/1197/9 491/1196/9 490/1195/9
f 368/1197/9 369/1199/9 492/1198/9 491/1196/9
f 28/1205/19 16/1208/19 479/1207/19 483/1206/19
f 503/1212/3 509/993/3 492/357/3 484/355/3
f 10/1217/19 28/1205/19 483/1206/19 478/1218/19
f 161/491/115 34/1036/115 496/1201/115 495/815/115
f 36/756/3 366/804/3 509/993/3 503/1212/3
f 498/90/4 512/1221/4 516/1220/4 502/1219/4
f 499/1222/1 514/1225/1 518/1224/1 507/1223/1
f 490/927/13 519/927/13 515/927/13 479/927/13
f 479/1226/117 515/1229/117 517/1228/117 483/1227/117
f 508/1002/89 520/1232/89 522/1231/89 509/1230/89
f 491/1248/118 521/1251/118 519/1250/118 490/1249/118
f 502/1219/119 516/1220/119 514/1253/119 499/1252/119
f 507/1003/89 518/1258/89 520/1232/89 508/1002/89
f 509/1259/1 522/1262/1 523/1261/1 492/1260/1
f 483/1227/13 517/1228/13 513/1264/13 478/1263/13
f 492/1265/118 523/1266/118 521/1251/118 491/1248/118
f 482/1270/121 524/1114/121 525/1272/121 485/1271/121
f 496/1273/122 527/1276/122 526/1275/122 495/1274/122
f 495/1277/123 526/1254/123 524/1279/123 482/1278/123
f 605/1280/4 531/1283/4 530/1282/4 600/1281/4
f 1252/1284/4 1175/1285/4 531/1283/4 605/1280/4
f 565/1288/1 600/1290/1 530/1289/1 148/1208/1
f 437/1151/2 528/1152/2 529/1292/2 92/1291/2
f 118/1293/4 533/351/4 532/58/4 264/1294/4
f 109/1295/4 534/350/4 533/351/4 118/1293/4
f 251/1296/4 535/40/4 534/350/4 109/1295/4
f 264/1294/4 532/58/4 535/40/4 251/1296/4
f 538/548/4 537/1299/4 536/1298/4 539/1297/4
f 118/1300/124 537/1302/124 538/1301/124 109/1297/124
f 109/1303/1 538/1305/1 539/1304/1 251/881/1
f 264/1306/3 536/777/3 537/1308/3 118/1307/3
f 507/1010/1 543/1287/1 541/1318/1 365/131/1
f 92/1321/1 529/1324/1 596/1323/1 561/1322/1
f 561/1322/1 596/1323/1 597/1326/1 562/1325/1
f 562/1325/1 597/1326/1 598/1328/1 563/1327/1
f 563/1327/1 598/1328/1 599/1330/1 564/1329/1
f 564/1329/1 599/1330/1 600/1290/1 565/1288/1
f 1174/1331/4 1248/1334/4 601/1333/4 528/1332/4
f 1248/1334/4 1249/1336/4 602/1335/4 601/1333/4
f 1251/1340/4 1252/1284/4 605/1280/4 604/1339/4
f 528/1332/4 601/1333/4 596/1342/4 529/1341/4
f 604/1339/4 605/1280/4 600/1281/4 599/1345/4
f 5/1390/3 550/1393/3 566/1392/3 287/1391/3
f 550/1393/3 549/1395/3 567/1394/3 566/1392/3
f 547/1399/3 546/903/3 570/904/3 569/1398/3
f 286/1400/3 571/1403/3 551/1402/3 6/1401/3
f 571/1403/3 572/1405/3 552/1404/3 551/1402/3
f 574/1409/3 575/445/3 555/446/3 554/1408/3
f 92/1410/4 561/1413/4 550/1412/4 5/1411/4
f 561/1413/4 562/1415/4 549/1414/4 550/1412/4
f 564/1419/4 565/437/4 546/438/4 547/1418/4
f 6/1430/13 551/1433/13 556/1432/13 87/1431/13
f 551/1433/13 552/1435/13 557/1434/13 556/1432/13
f 554/1439/13 555/423/13 560/424/13 559/1438/13
f 957/9/1 761/10/1 607/11/1 949/12/1
f 771/13/4 762/14/4 606/15/4 701/16/4
f 734/29/125 631/30/125 784/31/125 728/32/125
f 880/37/4 608/38/4 615/39/4 1182/40/4
f 610/41/126 616/42/126 643/43/126 641/44/126
f 618/45/8 612/46/8 712/47/8 715/48/8
f 737/54/3 895/55/3 1029/56/3 1027/57/3
f 1179/58/4 633/59/4 621/60/4 882/61/4
f 952/62/127 634/63/127 785/64/127 921/65/127
f 886/70/3 736/71/3 1016/72/3 1012/73/3
f 728/32/13 784/31/13 787/78/13 731/79/13
f 882/80/129 621/81/129 629/82/129 893/83/129
f 919/84/130 616/85/130 634/63/130 952/62/130
f 1182/40/4 615/39/4 633/59/4 1179/58/4
f 725/86/13 617/87/13 631/30/13 734/29/13
f 701/100/16 606/101/16 869/102/16 870/103/16
f 922/104/17 641/44/17 643/43/17 924/105/17
f 617/106/131 611/107/131 640/108/131 642/109/131
f 918/110/3 610/111/3 641/112/3 922/113/3
f 951/114/1 617/115/1 642/116/1 923/117/1
f 1143/118/132 614/119/132 632/120/132 1147/121/132
f 731/79/13 787/78/13 644/122/13 736/123/13
f 893/83/129 629/82/129 645/124/129 895/125/129
f 736/71/3 644/126/3 1015/127/3 1016/72/3
f 1127/141/133 786/142/133 647/143/133 1130/144/133
f 1080/269/16 701/100/16 870/103/16 1099/270/16
f 761/271/13 769/272/13 706/273/13 607/274/13
f 608/172/2 705/279/2 709/280/2 648/173/2
f 1086/283/4 739/284/4 707/285/4 1077/286/4
f 1091/287/4 771/13/4 701/16/4 1080/288/4
f 618/45/8 715/48/8 758/299/8 759/300/8
f 1086/334/9 735/335/9 750/336/9 1089/337/9
f 786/340/129 732/341/129 737/342/129 647/343/129
f 889/347/13 725/86/13 734/29/13 885/348/13
f 616/349/4 1181/350/4 1180/351/4 634/352/4
f 785/353/129 727/354/129 732/341/129 786/340/129
f 1129/355/1 645/124/1 1002/356/1 1137/357/1
f 634/352/4 1180/351/4 727/358/4 785/359/4
f 883/360/136 729/361/136 1028/362/136 1022/363/136
f 610/364/4 722/365/4 1181/350/4 616/349/4
f 885/348/125 734/29/125 728/32/125 891/370/125
f 1202/423/13 1207/424/13 768/425/13 760/426/13
f 1212/437/4 1193/438/4 763/439/4 770/440/4
f 1222/445/1 1202/446/1 760/447/1 955/448/1
f 927/484/140 623/485/140 784/486/140 920/487/140
f 630/488/141 622/489/141 785/64/141 786/142/141
f 623/485/46 628/490/46 787/491/46 784/486/46
f 829/643/13 830/644/13 827/645/13 828/646/13
f 870/714/53 869/715/53 875/716/53 876/717/53
f 868/718/4 871/719/4 877/720/4 874/721/4
f 607/722/54 706/723/54 871/724/54 868/725/54
f 949/726/142 607/722/142 868/725/142 944/727/142
f 871/728/143 706/729/143 1042/730/143 1045/731/143
f 1099/740/53 870/714/53 876/717/53 1101/741/53
f 1098/742/4 872/743/4 878/744/4 1100/745/4
f 944/746/3 868/747/3 874/748/3 976/749/3
f 632/753/125 885/348/125 891/370/125 620/754/125
f 886/755/1 646/756/1 907/757/1 909/758/1
f 614/759/13 889/347/13 885/348/13 632/753/13
f 732/341/129 893/83/129 895/125/129 737/342/129
f 881/777/144 894/778/144 1183/779/144 1186/780/144
f 727/354/129 882/80/129 893/83/129 732/341/129
f 1180/351/4 1179/58/4 882/61/4 727/358/4
f 914/781/145 916/782/145 1031/783/145 1030/784/145
f 722/365/4 880/37/4 1182/40/4 1181/350/4
f 907/757/1 646/756/1 999/804/1 1005/805/1
f 647/810/3 737/54/3 1027/57/3 1026/811/3
f 929/813/147 928/814/147 630/488/147 786/142/147 1127/141/147 1140/815/147 787/491/147 628/490/147
f 869/816/3 945/817/3 946/818/3 875/819/3
f 945/817/3 944/746/3 976/749/3 946/818/3
f 606/101/148 950/827/148 945/828/148 869/102/148
f 944/829/149 945/830/149 1049/831/149 1048/832/149
f 928/885/9 929/886/9 980/887/9 979/888/9
f 622/489/153 961/896/153 921/65/153 785/64/153
f 961/896/154 927/484/154 920/487/154 921/65/154
f 1193/903/1 1217/904/1 956/905/1 763/906/1
f 616/917/1 919/918/1 924/919/1 643/920/1
f 919/918/1 951/114/1 923/117/1 924/919/1
f 611/921/3 917/922/3 954/923/3 640/924/3
f 917/922/3 918/110/3 922/113/3 954/923/3
f 640/108/78 954/925/78 923/926/78 642/109/78
f 954/925/79 922/104/79 924/105/79 923/926/79
f 617/927/130 951/928/130 953/929/130 631/930/130
f 951/928/130 919/84/130 952/62/130 953/929/130
f 1147/121/132 632/120/132 620/931/132 1144/932/132
f 631/930/160 953/929/160 920/487/160 784/486/160
f 953/929/161 952/62/161 921/65/161 920/487/161
f 762/935/1 925/936/1 950/937/1 606/938/1
f 624/981/165 1008/982/165 1020/983/165 1017/984/165
f 736/123/13 886/985/13 884/986/13 731/79/13
f 730/68/158 892/67/158 1014/987/158 1010/988/158
f 999/804/1 1154/993/1 1192/994/1 1189/995/1
f 629/82/129 621/81/129 1000/1006/129 1001/1007/129
f 1144/1009/3 620/128/3 998/131/3 1152/1010/3
f 645/124/129 629/82/129 1001/1007/129 1002/356/129
f 626/1018/157 914/781/157 1030/784/157 1025/1019/157
f 646/1015/3 886/70/3 1012/73/3 1013/1020/3
f 1016/1021/13 1015/1022/13 1011/1023/13 1010/1024/13
f 1011/1023/168 1015/1022/168 1018/1025/168 1019/1026/168
f 1013/1027/13 1012/1028/13 1014/1029/13 1017/1030/13
f 1014/1029/13 1012/1028/13 1016/1021/13 1010/1024/13
f 1013/1027/13 1017/1030/13 1020/1031/13 1021/1032/13
f 915/1033/145 913/913/145 1019/1034/145 1018/1035/145
f 1009/1016/167 646/1015/167 1013/1020/167 1021/829/167
f 644/1036/169 915/1033/169 1018/1035/169 1015/1037/169
f 892/67/146 624/807/146 1017/1038/146 1014/987/146
f 627/933/158 730/68/158 1010/988/158 1011/1039/158
f 913/913/157 627/912/157 1011/1040/157 1019/1034/157
f 1008/982/96 1009/1012/96 1021/1041/96 1020/983/96
f 1029/1042/170 1024/1043/170 1023/1044/170 1022/363/170
f 1026/1045/171 1027/1046/171 1028/362/171 1025/1047/171
f 1027/1046/172 1029/1042/172 1022/363/172 1028/362/172
f 1026/1045/173 1025/1047/173 1030/1048/173 1031/1049/173
f 1023/1044/174 1024/1043/174 1032/1050/174 1033/1051/174
f 916/782/175 647/143/175 1026/1052/175 1031/783/175
f 625/1053/176 883/360/176 1022/363/176 1023/1044/176
f 1006/1054/9 1007/991/9 1033/1055/9 1032/1056/9
f 645/1057/167 1006/1058/167 1032/1059/167 1024/1060/167
f 729/361/158 626/1061/158 1025/1047/158 1028/362/158
f 1007/991/165 625/990/165 1023/1062/165 1033/1055/165
f 895/55/3 645/1057/3 1024/1060/3 1029/56/3
f 1110/1082/54 1043/1083/54 1047/1084/54 1111/1085/54
f 1098/1088/105 871/1089/105 1045/1090/105 1111/1091/105
f 918/1116/111 917/1117/111 1054/1118/111 1055/1119/111
f 872/1130/105 1098/1088/105 1111/1091/105 1047/1131/105
f 1042/1086/54 1110/1082/54 1111/1085/54 1045/795/54
f 871/719/4 1098/742/4 1100/745/4 877/720/4
f 873/1143/53 1099/740/53 1101/741/53 879/1144/53
f 638/1150/2 1077/1151/2 1173/1152/2 1174/1153/2
f 739/1157/9 1086/334/9 1089/337/9 751/1158/9
f 767/1160/4 1091/287/4 1080/288/4 636/1161/4
f 735/1162/4 1086/283/4 1077/286/4 638/1150/4
f 636/1167/16 1080/269/16 1099/270/16 873/1168/16
f 621/1190/3 1124/1191/3 1135/1192/3 1000/1193/3
f 1000/1194/9 1135/1195/9 1136/1196/9 1001/1197/9
f 1001/1197/9 1136/1196/9 1137/1198/9 1002/1199/9
f 633/1205/132 1128/1206/132 1124/1207/132 621/1208/132
f 1148/1212/1 1129/355/1 1137/357/1 1154/993/1
f 615/1217/132 1123/1218/132 1128/1206/132 633/1205/132
f 787/491/183 1140/815/183 1141/1201/183 644/1036/183
f 646/756/1 1148/1212/1 1154/993/1 999/804/1
f 1143/90/4 1147/1219/4 1161/1220/4 1157/1221/4
f 1144/1222/3 1152/1223/3 1163/1224/3 1159/1225/3
f 1135/927/13 1124/927/13 1160/927/13 1164/927/13
f 1124/1226/185 1128/1227/185 1162/1228/185 1160/1229/185
f 1153/1002/166 1154/1230/166 1167/1231/166 1165/1232/166
f 1136/1248/187 1135/1249/187 1164/1250/187 1166/1251/187
f 1147/1219/188 1144/1252/188 1159/1253/188 1161/1220/188
f 1152/1003/166 1153/1002/166 1165/1232/166 1163/1258/166
f 1154/1259/3 1137/1260/3 1168/1261/3 1167/1262/3
f 1128/1227/13 1123/1263/13 1158/1264/13 1162/1228/13
f 1137/1265/187 1136/1248/187 1166/1251/187 1168/1266/187
f 1127/1270/190 1130/1271/190 1170/1272/190 1169/1114/190
f 1141/1273/191 1140/1274/191 1171/1275/191 1172/1276/191
f 1140/1277/192 1127/1278/192 1169/1279/192 1171/1254/192
f 1262/1280/4 1257/1281/4 1177/1282/4 1178/1283/4
f 1252/1284/4 1262/1280/4 1178/1283/4 1175/1285/4
f 1212/1288/3 770/1208/3 1177/1289/3 1257/1290/3
f 1077/1151/2 707/1291/2 1176/1292/2 1173/1152/2
f 733/1293/4 894/1294/4 1179/58/4 1180/351/4
f 724/1295/4 733/1293/4 1180/351/4 1181/350/4
f 881/1296/4 724/1295/4 1181/350/4 1182/40/4
f 894/1294/4 881/1296/4 1182/40/4 1179/58/4
f 1185/548/4 1186/1297/4 1183/1298/4 1184/1299/4
f 733/1300/193 724/1297/193 1185/1301/193 1184/1302/193
f 724/1303/3 881/881/3 1186/1304/3 1185/1305/3
f 894/1306/1 733/1307/1 1184/1308/1 1183/777/1
f 1152/1010/3 998/131/3 1188/1318/3 1190/1287/3
f 707/1321/3 1208/1322/3 1253/1323/3 1176/1324/3
f 1208/1322/3 1209/1325/3 1254/1326/3 1253/1323/3
f 1209/1325/3 1210/1327/3 1255/1328/3 1254/1326/3
f 1210/1327/3 1211/1329/3 1256/1330/3 1255/1328/3
f 1211/1329/3 1212/1288/3 1257/1290/3 1256/1330/3
f 1174/1331/4 1173/1332/4 1258/1333/4 1248/1334/4
f 1248/1334/4 1258/1333/4 1259/1335/4 1249/1336/4
f 1251/1340/4 1261/1339/4 1262/1280/4 1252/1284/4
f 1173/1332/4 1176/1341/4 1253/1342/4 1258/1333/4
f 1261/1339/4 1256/1345/4 1257/1281/4 1262/1280/4
f 610/1390/1 918/1391/1 1213/1392/1 1197/1393/1
f 1197/1393/1 1213/1392/1 1214/1394/1 1196/1395/1
f 1194/1399/1 1216/1398/1 1217/904/1 1193/903/1
f 917/1400/1 611/1401/1 1198/1402/1 1218/1403/1
f 1218/1403/1 1198/1402/1 1199/1404/1 1219/1405/1
f 1221/1409/1 1201/1408/1 1202/446/1 1222/445/1
f 707/1410/4 610/1411/4 1197/1412/4 1208/1413/4
f 1208/1413/4 1197/1412/4 1196/1414/4 1209/1415/4
f 1211/1419/4 1194/1418/4 1193/438/4 1212/437/4
f 611/1430/13 702/1431/13 1203/1432/13 1198/1433/13
f 1198/1433/13 1203/1432/13 1204/1434/13 1199/1435/13
f 1201/1439/13 1206/1438/13 1207/424/13 1202/423/13
usemtl Cockpit
f 87/21/5 89/24/5 8/23/5 6/22/5
f 259/33/3 260/36/3 13/35/3 9/34/3
f 463/92/1 477/95/1 474/94/1 442/93/1
f 108/275/13 8/278/13 89/277/13 122/276/13
f 441/281/5 443/282/5 89/24/5 87/21/5
f 258/338/13 108/275/13 122/276/13 266/339/13
f 12/366/3 14/369/3 111/368/3 110/367/3
f 12/402/41 136/405/41 135/404/41 14/403/41
f 14/406/4 135/409/4 134/408/4 111/407/4
f 260/410/4 272/413/4 141/412/4 13/411/4
f 111/407/4 134/408/4 272/413/4 260/410/4
f 7/768/13 258/338/13 266/339/13 88/769/13
f 110/367/3 111/368/3 260/36/3 259/33/3
f 88/769/13 266/339/13 463/1140/13 442/320/13
f 266/339/13 122/276/13 447/1156/13 463/1140/13
f 441/1163/1 473/1166/1 475/1165/1 443/1164/1
f 122/276/13 89/277/13 443/1172/13 447/1156/13
f 443/1164/1 475/1165/1 476/1186/1 447/1185/1
f 447/1185/1 476/1186/1 477/95/1 463/92/1
f 702/21/5 611/22/5 613/23/5 704/24/5
f 889/33/1 614/34/1 618/35/1 890/36/1
f 1103/92/3 1082/93/3 1119/94/3 1122/95/3
f 723/275/13 738/276/13 704/277/13 613/278/13
f 1081/281/5 702/21/5 704/24/5 1083/282/5
f 888/338/13 896/339/13 738/276/13 723/275/13
f 617/366/1 725/367/1 726/368/1 619/369/1
f 617/402/137 619/403/137 753/404/137 754/405/137
f 619/406/4 726/407/4 752/408/4 753/409/4
f 890/410/4 618/411/4 759/412/4 903/413/4
f 726/407/4 890/410/4 903/413/4 752/408/4
f 612/768/13 703/769/13 896/339/13 888/338/13
f 725/367/1 889/33/1 890/36/1 726/368/1
f 703/769/13 1082/320/13 1103/1140/13 896/339/13
f 896/339/13 1103/1140/13 1087/1156/13 738/276/13
f 1081/1163/3 1083/1164/3 1120/1165/3 1118/1166/3
f 738/276/13 1087/1156/13 1083/1172/13 704/277/13
f 1083/1164/3 1087/1185/3 1121/1186/3 1120/1165/3
f 1087/1185/3 1103/92/3 1122/95/3 1121/1186/3
usemtl Metal_accent
f 8/1/1 98/4/1 99/3/1 6/2/1
f 453/96/9 469/99/9 1036/98/9 765/97/9
f 98/291/5 101/294/5 102/293/5 99/292/5
f 124/295/13 125/298/13 101/297/13 98/296/13
f 269/301/13 273/303/13 137/302/13 125/298/13
f 6/107/33 99/292/33 102/293/33 12/106/33
f 108/304/1 124/305/1 98/4/1 8/1/1
f 258/329/1 268/330/1 124/305/1 108/304/1
f 102/293/35 139/332/35 136/331/35 12/106/35
f 268/333/13 269/301/13 125/298/13 124/295/13
f 136/391/3 139/394/3 138/393/3 135/392/3
f 272/395/3 273/398/3 140/397/3 141/396/3
f 135/392/3 138/393/3 137/400/3 134/399/3
f 101/294/5 138/401/5 139/332/5 102/293/5
f 125/298/13 137/302/13 138/414/13 101/297/13
f 556/431/3 576/434/3 402/433/3 87/432/3
f 456/461/13 457/464/13 777/463/13 776/462/13
f 452/473/2 456/476/2 776/475/2 764/474/2
f 453/96/9 457/483/9 155/430/9 147/427/9
f 134/399/3 137/400/3 273/398/3 272/395/3
f 637/760/58 1113/763/58 473/762/58 441/761/58
f 97/770/13 100/771/13 269/301/13 268/333/13
f 7/772/1 97/773/1 268/330/1 258/329/1
f 100/771/13 140/776/13 273/303/13 269/301/13
f 469/1063/13 466/1066/13 1035/1065/13 1036/1064/13
f 595/1067/13 468/1070/13 1040/1069/13 1227/1068/13
f 91/729/3 401/1073/3 403/1072/3 147/1071/3
f 466/1074/104 472/1077/104 1046/1076/104 1035/1075/104
f 441/761/9 467/1079/9 1037/1078/9 637/760/9
f 452/473/2 468/1081/2 404/1080/2 146/450/2
f 470/1082/2 472/1077/2 406/1087/2 405/1086/2
f 91/729/3 405/730/3 406/1092/3 401/1073/3
f 1043/1083/2 1046/1076/2 472/1077/2 470/1082/2
f 764/474/2 1040/1132/2 468/1081/2 452/473/2
f 87/1133/9 402/1134/9 467/1079/9 441/761/9
f 401/1135/104 406/1087/104 472/1077/104 466/1074/104
f 580/1136/13 404/1137/13 468/1070/13 595/1067/13
f 403/1138/13 401/1139/13 466/1066/13 469/1063/13
f 765/97/9 777/1145/9 457/483/9 453/96/9
f 146/450/2 154/451/2 456/476/2 452/473/2
f 154/458/13 155/459/13 457/464/13 456/461/13
f 147/427/9 403/1171/9 469/99/9 453/96/9
f 477/1177/13 476/1173/13 1115/1174/13 1116/1178/13
f 474/1179/13 477/1177/13 1116/1178/13 1117/1180/13
f 402/1346/13 576/1349/13 591/1348/13 467/1347/13
f 576/1349/13 577/1351/13 592/1350/13 591/1348/13
f 577/1351/13 578/1353/13 593/1352/13 592/1350/13
f 578/1353/13 579/1355/13 594/1354/13 593/1352/13
f 579/1355/13 580/1136/13 595/1067/13 594/1354/13
f 467/1347/13 591/1348/13 1223/1386/13 1037/1385/13
f 591/1348/13 592/1350/13 1224/1387/13 1223/1386/13
f 592/1350/13 593/1352/13 1225/1388/13 1224/1387/13
f 593/1352/13 594/1354/13 1226/1389/13 1225/1388/13
f 594/1354/13 595/1067/13 1227/1068/13 1226/1389/13
f 146/1420/3 404/1423/3 580/1422/3 560/1421/3
f 560/1421/3 580/1422/3 579/1425/3 559/1424/3
f 559/1424/3 579/1425/3 578/1427/3 558/1426/3
f 558/1426/3 578/1427/3 577/1429/3 557/1428/3
f 557/1428/3 577/1429/3 576/434/3 556/431/3
f 613/1/3 611/2/3 714/3/3 713/4/3
f 1093/96/9 765/97/9 1036/98/9 1109/99/9
f 713/291/5 714/292/5 717/293/5 716/294/5
f 740/295/13 713/296/13 716/297/13 741/298/13
f 899/301/13 741/298/13 755/302/13 904/303/13
f 611/107/134 617/106/134 717/293/134 714/292/134
f 723/304/3 613/1/3 713/4/3 740/305/3
f 888/329/3 723/304/3 740/305/3 898/330/3
f 717/293/135 617/106/135 754/331/135 757/332/135
f 898/333/13 740/295/13 741/298/13 899/301/13
f 754/391/1 753/392/1 756/393/1 757/394/1
f 903/395/1 759/396/1 758/397/1 904/398/1
f 753/392/1 752/399/1 755/400/1 756/393/1
f 716/294/5 717/293/5 757/332/5 756/401/5
f 741/298/13 716/297/13 756/414/13 755/302/13
f 1203/431/1 702/432/1 1038/433/1 1228/434/1
f 1096/461/13 776/462/13 777/463/13 1097/464/13
f 1092/473/2 764/474/2 776/475/2 1096/476/2
f 1093/96/9 769/427/9 781/430/9 1097/483/9
f 752/399/1 903/395/1 904/398/1 755/400/1
f 637/760/58 1081/761/58 1118/762/58 1113/763/58
f 712/770/13 898/333/13 899/301/13 715/771/13
f 612/772/3 888/329/3 898/330/3 712/773/3
f 715/771/13 899/301/13 904/303/13 758/776/13
f 1109/1063/13 1036/1064/13 1035/1065/13 1106/1066/13
f 1247/1067/13 1227/1068/13 1040/1069/13 1108/1070/13
f 706/729/1 769/1071/1 1039/1072/1 1034/1073/1
f 1106/1074/104 1035/1075/104 1046/1076/104 1112/1077/104
f 1081/761/9 637/760/9 1037/1078/9 1107/1079/9
f 1092/473/2 768/450/2 1041/1080/2 1108/1081/2
f 1110/1082/2 1042/1086/2 1044/1087/2 1112/1077/2
f 706/729/1 1034/1073/1 1044/1092/1 1042/730/1
f 1043/1083/2 1110/1082/2 1112/1077/2 1046/1076/2
f 764/474/2 1092/473/2 1108/1081/2 1040/1132/2
f 702/1133/9 1081/761/9 1107/1079/9 1038/1134/9
f 1034/1135/104 1106/1074/104 1112/1077/104 1044/1087/104
f 1232/1136/13 1247/1067/13 1108/1070/13 1041/1137/13
f 1039/1138/13 1109/1063/13 1106/1066/13 1034/1139/13
f 765/97/9 1093/96/9 1097/483/9 777/1145/9
f 768/450/2 1092/473/2 1096/476/2 780/451/2
f 780/458/13 1096/461/13 1097/464/13 781/459/13
f 769/427/9 1093/96/9 1109/99/9 1039/1171/9
f 1122/1177/13 1116/1178/13 1115/1174/13 1121/1173/13
f 1119/1179/13 1117/1180/13 1116/1178/13 1122/1177/13
f 1038/1346/13 1107/1347/13 1243/1348/13 1228/1349/13
f 1228/1349/13 1243/1348/13 1244/1350/13 1229/1351/13
f 1229/1351/13 1244/1350/13 1245/1352/13 1230/1353/13
f 1230/1353/13 1245/1352/13 1246/1354/13 1231/1355/13
f 1231/1355/13 1246/1354/13 1247/1067/13 1232/1136/13
f 1107/1347/13 1037/1385/13 1223/1386/13 1243/1348/13
f 1243/1348/13 1223/1386/13 1224/1387/13 1244/1350/13
f 1244/1350/13 1224/1387/13 1225/1388/13 1245/1352/13
f 1245/1352/13 1225/1388/13 1226/1389/13 1246/1354/13
f 1246/1354/13 1226/1389/13 1227/1068/13 1247/1067/13
f 768/1420/1 1207/1421/1 1232/1422/1 1041/1423/1
f 1207/1421/1 1206/1424/1 1231/1425/1 1232/1422/1
f 1206/1424/1 1205/1426/1 1230/1427/1 1231/1425/1
f 1205/1426/1 1204/1428/1 1229/1429/1 1230/1427/1
f 1204/1428/1 1203/431/1 1228/434/1 1229/1429/1
usemtl Dull_metal/rubber
f 88/5/2 93/8/2 40/7/2 7/6/2
f 107/17/3 126/20/3 103/19/3 5/18/3
f 39/25/3 45/28/3 424/27/3 419/26/3
f 4/49/9 43/53/9 425/52/9 426/51/9 52/50/9
f 168/74/13 185/77/13 182/76/13 167/75/13
f 436/88/2 438/91/2 652/90/2 635/89/2
f 421/132/3 431/133/3 45/28/3 39/25/3
f 7/6/2 40/7/2 422/136/2 423/135/2 13/134/2
f 438/137/4 439/140/4 657/139/4 652/138/4
f 40/145/13 44/148/13 430/147/13 422/146/13
f 67/149/9 657/153/9 439/152/9 96/151/9 43/53/9 4/49/9 66/150/9
f 42/154/9 44/160/9 95/159/9 445/158/9 655/157/9 62/156/9 60/155/9
f 58/161/9 433/164/9 434/163/9 59/162/9
f 65/165/3 75/168/3 47/167/3 46/166/3
f 93/169/13 95/170/13 44/148/13 40/145/13
f 10/171/2 420/175/2 418/174/2 38/173/2 3/172/2
f 41/176/1 50/179/1 78/178/1 53/177/1
f 4/180/13 49/183/13 74/182/13 66/181/13
f 55/184/9 428/187/9 429/186/9 53/185/9
f 46/166/3 47/167/3 70/189/3 61/188/3
f 56/190/9 432/191/9 433/164/9 58/161/9
f 46/192/9 653/194/9 657/153/9 67/149/9 65/193/9
f 60/195/4 71/198/4 51/197/4 42/196/4
f 56/220/1 83/221/1 50/179/1 41/176/1
f 42/196/4 51/197/4 82/223/4 57/222/4
f 52/50/9 426/51/9 427/225/9 54/224/9
f 62/156/9 655/157/9 653/194/9 46/192/9 61/226/9
f 41/227/9 45/229/9 431/228/9 432/191/9 56/190/9
f 424/230/9 45/229/9 41/227/9 53/185/9 429/186/9
f 54/224/9 427/225/9 428/187/9 55/184/9
f 430/231/9 44/160/9 42/154/9 57/233/9 435/232/9
f 59/162/9 434/163/9 435/232/9 57/233/9
f 60/155/9 62/156/9 63/234/9
f 63/234/9 62/156/9 64/235/9
f 64/235/9 62/156/9 61/226/9
f 65/193/9 67/149/9 68/236/9
f 68/236/9 67/149/9 69/237/9
f 69/237/9 67/149/9 66/150/9
f 82/223/21 84/239/21 59/238/21 57/222/21
f 84/239/22 85/241/22 58/240/22 59/238/22
f 85/241/23 83/243/23 56/242/23 58/240/23
f 65/244/24 68/247/24 77/246/24 75/245/24
f 68/247/25 69/249/25 76/248/25 77/246/25
f 69/249/26 66/181/26 74/182/26 76/248/26
f 70/189/27 72/251/27 64/250/27 61/188/27
f 72/251/28 73/253/28 63/252/28 64/250/28
f 73/253/29 71/255/29 60/254/29 63/252/29
f 52/256/30 54/259/30 81/258/30 79/257/30
f 54/259/31 55/261/31 80/260/31 81/258/31
f 55/261/32 53/177/32 78/178/32 80/260/32
f 52/262/13 79/255/13 49/183/13 4/180/13
f 444/263/13 445/264/13 95/170/13 93/169/13
f 38/265/4 43/268/4 96/267/4 94/266/4
f 442/289/2 444/290/2 93/8/2 88/5/2
f 5/310/2 103/313/2 106/312/2 92/311/2
f 90/314/9 105/317/9 104/316/9 3/315/9
f 267/318/1 270/321/1 105/320/1 90/319/1
f 92/322/1 106/325/1 127/324/1 123/323/1
f 270/326/4 127/272/4 126/328/4 257/327/4
f 442/289/36 474/346/36 1117/345/36 639/344/36
f 250/371/3 257/372/3 126/20/3 107/17/3
f 462/383/4 449/386/4 133/385/4 271/384/4
f 267/318/1 271/388/1 133/387/1 123/323/1
f 436/88/2 448/390/2 132/389/2 90/279/2
f 450/415/9 531/418/9 1175/417/9 766/416/9
f 450/419/2 454/422/2 156/421/2 148/420/2
f 147/427/9 155/430/9 151/429/9 143/428/9
f 148/420/2 156/421/2 153/436/2 145/435/2
f 294/441/42 329/444/42 152/443/42 144/442/42
f 142/449/2 150/452/2 154/451/2 146/450/2
f 454/453/4 455/456/4 157/455/4 156/454/4
f 150/457/13 151/460/13 155/459/13 154/458/13
f 156/454/4 157/455/4 152/466/4 153/465/4
f 327/467/3 295/470/3 151/469/3 150/468/3
f 144/442/9 152/443/9 157/472/9 149/471/9
f 451/477/9 455/480/9 779/479/9 767/478/9
f 324/481/43 327/482/43 150/452/43 142/449/43
f 9/492/2 39/496/2 419/495/2 420/175/2 10/171/2 478/494/2 498/493/2
f 337/501/1 332/504/1 183/503/1 171/502/1
f 335/505/3 299/508/3 185/507/3 168/506/3
f 171/509/4 183/512/4 184/511/4 172/510/4
f 239/541/1 241/545/1 240/544/1 197/543/1 199/542/1
f 342/570/2 331/573/2 182/572/2 162/571/2
f 164/574/2 184/577/2 183/576/2 163/575/2
f 162/571/2 182/572/2 185/579/2 165/578/2
f 308/580/2 333/581/2 184/577/2 164/574/2
f 344/582/2 311/584/2 188/583/2 187/34/2
f 343/585/3 344/588/3 187/587/3 163/586/3
f 309/589/1 312/592/1 189/591/1 165/590/1
f 163/593/13 187/596/13 188/595/13 164/594/13
f 195/605/3 233/609/3 235/608/3 234/607/3 232/606/3
f 181/610/3 195/605/3 232/606/3 180/611/3
f 180/612/2 232/615/2 229/614/2 179/613/2
f 179/616/1 229/619/1 196/618/1 178/617/1
f 178/620/9 196/623/9 195/622/9 181/621/9
f 200/624/3 236/628/3 238/627/3 237/626/3 198/625/3
f 197/543/1 202/630/1 203/629/1 199/542/1
f 228/631/13 199/634/13 200/633/13 211/632/13
f 211/635/3 200/624/3 198/625/3 205/636/3
f 222/637/1 239/541/1 199/542/1 228/638/1
f 205/639/4 198/642/4 239/641/4 222/640/4
f 200/624/3 204/648/3 201/647/3 236/628/3
f 236/649/9 201/652/9 202/651/9 197/650/9
f 199/11/2 203/655/2 204/654/2 200/653/2
f 233/656/4 210/659/4 217/658/4 194/657/4
f 210/659/4 209/661/4 218/660/4 217/658/4
f 209/661/4 208/663/4 219/662/4 218/660/4
f 208/663/4 207/665/4 220/664/4 219/662/4
f 207/665/4 206/667/4 221/666/4 220/664/4
f 206/667/4 205/639/4 222/640/4 221/666/4
f 194/668/1 217/670/1 223/669/1 196/618/1
f 217/670/1 218/672/1 224/671/1 223/669/1
f 218/672/1 219/674/1 225/673/1 224/671/1
f 219/674/1 220/676/1 226/675/1 225/673/1
f 220/676/1 221/678/1 227/677/1 226/675/1
f 221/678/1 222/637/1 228/638/1 227/677/1
f 195/605/3 216/680/3 210/679/3 233/609/3
f 216/680/3 215/682/3 209/681/3 210/679/3
f 215/682/3 214/684/3 208/683/3 209/681/3
f 214/684/3 213/686/3 207/685/3 208/683/3
f 213/686/3 212/688/3 206/687/3 207/685/3
f 212/688/3 211/635/3 205/636/3 206/687/3
f 196/512/13 223/691/13 216/690/13 195/689/13
f 223/691/13 224/693/13 215/692/13 216/690/13
f 224/693/13 225/695/13 214/694/13 215/692/13
f 225/695/13 226/697/13 213/696/13 214/694/13
f 226/697/13 227/699/13 212/698/13 213/696/13
f 227/699/13 228/631/13 211/632/13 212/698/13
f 232/615/47 234/701/47 231/700/47 229/614/47
f 234/701/48 235/703/48 230/702/48 231/700/48
f 235/703/49 233/705/49 194/704/49 230/702/49
f 198/706/50 237/709/50 241/708/50 239/707/50
f 237/709/51 238/711/51 240/710/51 241/708/51
f 238/711/52 236/649/52 197/650/52 240/710/52
f 229/619/1 231/713/1 230/712/1 194/668/1 196/618/1
f 465/732/57 977/735/57 878/734/57 460/733/57
f 345/736/57 316/739/57 249/738/57 246/737/57
f 90/319/1 132/38/1 271/388/1 267/318/1
f 448/750/4 462/383/4 271/384/4 132/751/4
f 3/138/3 104/752/3 257/372/3 250/371/3
f 105/774/4 270/326/4 257/327/4 104/775/4
f 123/323/1 127/324/1 270/321/1 267/318/1
f 13/134/2 423/135/2 421/812/2 39/496/2 9/492/2
f 247/774/63 248/822/63 317/821/63 315/820/63
f 315/820/64 317/821/64 316/739/64 345/736/64
f 461/823/63 879/826/63 978/825/63 464/824/63
f 464/824/64 978/825/64 977/735/64 465/732/64
f 164/833/1 188/836/1 311/835/1 308/834/1
f 308/834/1 311/835/1 312/592/1 309/589/1
f 162/837/3 186/840/3 310/839/3 342/838/3
f 342/838/3 310/839/3 344/588/3 343/585/3
f 186/841/2 189/844/2 312/843/2 310/842/2
f 310/842/2 312/843/2 311/584/2 344/582/2
f 165/578/2 185/579/2 299/846/2 309/845/2
f 163/575/2 183/576/2 332/852/2 343/851/2
f 343/851/2 332/852/2 331/573/2 342/570/2
f 172/889/3 184/891/3 333/855/3 301/890/3
f 167/530/1 182/895/1 331/894/1 338/893/1
f 338/893/1 331/894/1 332/504/1 337/501/1
f 145/435/72 153/436/72 328/898/72 325/897/72
f 325/897/73 328/898/73 327/482/73 324/481/73
f 153/899/3 152/902/3 329/901/3 328/900/3
f 328/900/3 329/901/3 295/470/3 327/467/3
f 143/428/75 151/429/75 295/910/75 326/909/75
f 326/909/76 295/910/76 329/444/76 294/441/76
f 294/441/110 413/1108/110 410/1107/110 326/909/110
f 418/174/2 420/175/2 419/495/2
f 421/812/2 423/135/2 422/136/2
f 424/230/9 429/186/9 428/187/9 427/225/9 426/51/9 425/52/9
f 430/231/9 435/232/9 434/163/9 433/164/9 432/191/9 431/228/9
f 430/147/25 431/1125/25 421/1124/25 422/146/25
f 418/1126/28 419/26/28 424/27/28 425/1127/28
f 418/1128/4 425/1129/4 43/268/4 38/265/4
f 317/821/64 464/824/64 465/732/64 316/739/64
f 248/822/63 461/823/63 464/824/63 317/821/63
f 749/1141/4 901/1142/4 462/383/4 448/750/4
f 316/739/57 465/732/57 460/733/57 249/738/57
f 149/471/9 157/472/9 455/480/9 451/477/9
f 778/1146/4 779/1147/4 455/456/4 454/453/4
f 766/1148/2 778/1149/2 454/422/2 450/419/2
f 635/89/2 749/1154/2 448/390/2 436/88/2
f 901/1142/4 750/1155/4 449/386/4 462/383/4
f 639/344/2 650/1159/2 444/290/2 442/289/2
f 650/1169/13 655/1170/13 445/264/13 444/263/13
f 94/266/4 96/267/4 439/140/4 438/137/4
f 90/279/2 94/280/2 438/91/2 436/88/2
f 476/1173/13 475/1176/13 1114/1175/13 1115/1174/13
f 1113/1181/5 1114/1184/5 475/1183/5 473/1182/5
f 515/1233/1 519/1236/1 518/1235/1 514/1234/1
f 519/1237/9 521/1240/9 520/1239/9 518/1238/9
f 521/1240/9 523/1242/9 522/1241/9 520/1239/9
f 517/1243/19 515/1246/19 514/1245/19 516/1244/19
f 513/1247/19 517/1243/19 516/1244/19 512/1183/19
f 478/1254/3 513/1257/3 512/1256/3 498/1255/3
f 526/1267/120 527/1269/120 525/1268/120 524/101/120
f 148/1286/9 530/1287/9 531/418/9 450/415/9
f 703/5/2 612/6/2 651/7/2 708/8/2
f 722/17/1 610/18/1 718/19/1 742/20/1
f 649/25/1 1059/26/1 1064/27/1 660/28/1
f 609/49/9 667/50/9 1066/51/9 1065/52/9 658/53/9
f 794/74/13 793/75/13 808/76/13 811/77/13
f 1076/88/2 635/89/2 652/90/2 1078/91/2
f 1061/132/1 649/25/1 660/28/1 1071/133/1
f 612/6/2 618/134/2 1063/135/2 1062/136/2 651/7/2
f 1078/137/4 652/138/4 657/139/4 1079/140/4
f 651/145/13 1062/146/13 1070/147/13 659/148/13
f 682/149/9 681/150/9 609/49/9 658/53/9 711/151/9 1079/152/9 657/153/9
f 656/154/9 675/155/9 677/156/9 655/157/9 1085/158/9 710/159/9 659/160/9
f 673/161/9 674/162/9 1074/163/9 1073/164/9
f 680/165/1 661/166/1 662/167/1 690/168/1
f 708/169/13 651/145/13 659/148/13 710/170/13
f 615/171/2 608/172/2 648/173/2 1058/174/2 1060/175/2
f 654/176/3 668/177/3 693/178/3 665/179/3
f 609/180/13 681/181/13 689/182/13 664/183/13
f 670/184/9 668/185/9 1069/186/9 1068/187/9
f 661/166/1 676/188/1 685/189/1 662/167/1
f 671/190/9 673/161/9 1073/164/9 1072/191/9
f 661/192/9 680/193/9 682/149/9 657/153/9 653/194/9
f 675/195/4 656/196/4 666/197/4 686/198/4
f 671/220/3 654/176/3 665/179/3 698/221/3
f 656/196/4 672/222/4 697/223/4 666/197/4
f 667/50/9 669/224/9 1067/225/9 1066/51/9
f 677/156/9 676/226/9 661/192/9 653/194/9 655/157/9
f 654/227/9 671/190/9 1072/191/9 1071/228/9 660/229/9
f 1064/230/9 1069/186/9 668/185/9 654/227/9 660/229/9
f 669/224/9 670/184/9 1068/187/9 1067/225/9
f 1070/231/9 1075/232/9 672/233/9 656/154/9 659/160/9
f 674/162/9 672/233/9 1075/232/9 1074/163/9
f 675/155/9 678/234/9 677/156/9
f 678/234/9 679/235/9 677/156/9
f 679/235/9 676/226/9 677/156/9
f 680/193/9 683/236/9 682/149/9
f 683/236/9 684/237/9 682/149/9
f 684/237/9 681/150/9 682/149/9
f 697/223/29 672/222/29 674/238/29 699/239/29
f 699/239/28 674/238/28 673/240/28 700/241/28
f 700/241/27 673/240/27 671/242/27 698/243/27
f 680/244/32 690/245/32 692/246/32 683/247/32
f 683/247/31 692/246/31 691/248/31 684/249/31
f 684/249/30 691/248/30 689/182/30 681/181/30
f 685/189/23 676/188/23 679/250/23 687/251/23
f 687/251/22 679/250/22 678/252/22 688/253/22
f 688/253/21 678/252/21 675/254/21 686/255/21
f 667/256/26 694/257/26 696/258/26 669/259/26
f 669/259/25 696/258/25 695/260/25 670/261/25
f 670/261/24 695/260/24 693/178/24 668/177/24
f 667/262/13 609/180/13 664/183/13 694/255/13
f 1084/263/13 708/169/13 710/170/13 1085/264/13
f 648/265/4 709/266/4 711/267/4 658/268/4
f 1082/289/2 703/5/2 708/8/2 1084/290/2
f 610/310/2 707/311/2 721/312/2 718/313/2
f 705/314/9 608/315/9 719/316/9 720/317/9
f 897/318/3 705/319/3 720/320/3 900/321/3
f 707/322/3 739/323/3 743/324/3 721/325/3
f 900/326/4 887/327/4 742/328/4 743/272/4
f 1082/289/36 639/344/36 1117/345/36 1119/346/36
f 880/371/1 722/17/1 742/20/1 887/372/1
f 1102/383/4 902/384/4 751/385/4 1089/386/4
f 897/318/3 739/323/3 751/387/3 902/388/3
f 1076/88/2 705/279/2 748/389/2 1088/390/2
f 1090/415/9 766/416/9 1175/417/9 1178/418/9
f 1090/419/2 770/420/2 782/421/2 1094/422/2
f 769/427/9 761/428/9 773/429/9 781/430/9
f 770/420/2 763/435/2 775/436/2 782/421/2
f 925/441/138 762/442/138 774/443/138 960/444/138
f 760/449/2 768/450/2 780/451/2 772/452/2
f 1094/453/4 782/454/4 783/455/4 1095/456/4
f 772/457/13 780/458/13 781/459/13 773/460/13
f 782/454/4 775/465/4 774/466/4 783/455/4
f 958/467/1 772/468/1 773/469/1 926/470/1
f 762/442/9 771/471/9 783/472/9 774/443/9
f 1091/477/9 767/478/9 779/479/9 1095/480/9
f 955/481/139 760/449/139 772/452/139 958/482/139
f 614/492/2 1143/493/2 1123/494/2 615/171/2 1060/175/2 1059/495/2 649/496/2
f 968/501/3 797/502/3 809/503/3 963/504/3
f 966/505/1 794/506/1 811/507/1 930/508/1
f 797/509/4 798/510/4 810/511/4 809/512/4
f 865/541/3 825/542/3 823/543/3 866/544/3 867/545/3
f 973/570/2 788/571/2 808/572/2 962/573/2
f 790/574/2 789/575/2 809/576/2 810/577/2
f 788/571/2 791/578/2 811/579/2 808/572/2
f 939/580/2 790/574/2 810/577/2 964/581/2
f 975/582/2 813/34/2 814/583/2 942/584/2
f 974/585/1 789/586/1 813/587/1 975/588/1
f 940/589/3 791/590/3 815/591/3 943/592/3
f 789/593/13 790/594/13 814/595/13 813/596/13
f 821/605/1 858/606/1 860/607/1 861/608/1 859/609/1
f 807/610/1 806/611/1 858/606/1 821/605/1
f 806/612/2 805/613/2 855/614/2 858/615/2
f 805/616/3 804/617/3 822/618/3 855/619/3
f 804/620/9 807/621/9 821/622/9 822/623/9
f 826/624/1 824/625/1 863/626/1 864/627/1 862/628/1
f 823/543/3 825/542/3 829/629/3 828/630/3
f 854/631/13 837/632/13 826/633/13 825/634/13
f 837/635/1 831/636/1 824/625/1 826/624/1
f 848/637/3 854/638/3 825/542/3 865/541/3
f 831/639/4 848/640/4 865/641/4 824/642/4
f 826/624/1 862/628/1 827/647/1 830/648/1
f 862/649/9 823/650/9 828/651/9 827/652/9
f 825/11/2 826/653/2 830/654/2 829/655/2
f 859/656/4 820/657/4 843/658/4 836/659/4
f 836/659/4 843/658/4 844/660/4 835/661/4
f 835/661/4 844/660/4 845/662/4 834/663/4
f 834/663/4 845/662/4 846/664/4 833/665/4
f 833/665/4 846/664/4 847/666/4 832/667/4
f 832/667/4 847/666/4 848/640/4 831/639/4
f 820/668/3 822/618/3 849/669/3 843/670/3
f 843/670/3 849/669/3 850/671/3 844/672/3
f 844/672/3 850/671/3 851/673/3 845/674/3
f 845/674/3 851/673/3 852/675/3 846/676/3
f 846/676/3 852/675/3 853/677/3 847/678/3
f 847/678/3 853/677/3 854/638/3 848/637/3
f 821/605/1 859/609/1 836/679/1 842/680/1
f 842/680/1 836/679/1 835/681/1 841/682/1
f 841/682/1 835/681/1 834/683/1 840/684/1
f 840/684/1 834/683/1 833/685/1 839/686/1
f 839/686/1 833/685/1 832/687/1 838/688/1
f 838/688/1 832/687/1 831/636/1 837/635/1
f 822/512/13 821/689/13 842/690/13 849/691/13
f 849/691/13 842/690/13 841/692/13 850/693/13
f 850/693/13 841/692/13 840/694/13 851/695/13
f 851/695/13 840/694/13 839/696/13 852/697/13
f 852/697/13 839/696/13 838/698/13 853/699/13
f 853/699/13 838/698/13 837/632/13 854/631/13
f 858/615/47 855/614/47 857/700/47 860/701/47
f 860/701/48 857/700/48 856/702/48 861/703/48
f 861/703/49 856/702/49 820/704/49 859/705/49
f 824/706/50 865/707/50 867/708/50 863/709/50
f 863/709/51 867/708/51 866/710/51 864/711/51
f 864/711/52 866/710/52 823/650/52 862/649/52
f 855/619/3 822/618/3 820/668/3 856/712/3 857/713/3
f 1105/732/57 1100/733/57 878/734/57 977/735/57
f 976/736/57 874/737/57 877/738/57 947/739/57
f 705/319/3 897/318/3 902/388/3 748/38/3
f 1088/750/4 748/751/4 902/384/4 1102/383/4
f 608/138/1 880/371/1 887/372/1 719/752/1
f 720/774/4 719/775/4 887/327/4 900/326/4
f 739/323/3 897/318/3 900/321/3 743/324/3
f 618/134/2 614/492/2 649/496/2 1061/812/2 1063/135/2
f 875/774/63 946/820/63 948/821/63 876/822/63
f 946/820/64 976/736/64 947/739/64 948/821/64
f 1101/823/63 1104/824/63 978/825/63 879/826/63
f 1104/824/64 1105/732/64 977/735/64 978/825/64
f 790/833/3 939/834/3 942/835/3 814/836/3
f 939/834/3 940/589/3 943/592/3 942/835/3
f 788/837/1 973/838/1 941/839/1 812/840/1
f 973/838/1 974/585/1 975/588/1 941/839/1
f 812/841/2 941/842/2 943/843/2 815/844/2
f 941/842/2 975/582/2 942/584/2 943/843/2
f 791/578/2 940/845/2 930/846/2 811/579/2
f 789/575/2 974/851/2 963/852/2 809/576/2
f 974/851/2 973/570/2 962/573/2 963/852/2
f 798/889/1 932/890/1 964/855/1 810/891/1
f 793/530/3 969/893/3 962/894/3 808/895/3
f 969/893/3 968/501/3 963/504/3 962/894/3
f 763/435/155 956/897/155 959/898/155 775/436/155
f 956/897/73 955/481/73 958/482/73 959/898/73
f 775/899/1 959/900/1 960/901/1 774/902/1
f 959/900/1 958/467/1 926/470/1 960/901/1
f 761/428/156 957/909/156 926/910/156 773/429/156
f 957/909/76 925/441/76 960/444/76 926/910/76
f 925/441/179 957/909/179 1050/1107/179 1053/1108/179
f 1058/174/2 1059/495/2 1060/175/2
f 1061/812/2 1062/136/2 1063/135/2
f 1064/230/9 1065/52/9 1066/51/9 1067/225/9 1068/187/9 1069/186/9
f 1070/231/9 1071/228/9 1072/191/9 1073/164/9 1074/163/9 1075/232/9
f 1070/147/31 1062/146/31 1061/1124/31 1071/1125/31
f 1058/1126/22 1065/1127/22 1064/27/22 1059/26/22
f 1058/1128/4 648/265/4 658/268/4 1065/1129/4
f 948/821/64 947/739/64 1105/732/64 1104/824/64
f 876/822/63 948/821/63 1104/824/63 1101/823/63
f 749/1141/4 1088/750/4 1102/383/4 901/1142/4
f 947/739/57 877/738/57 1100/733/57 1105/732/57
f 771/471/9 1091/477/9 1095/480/9 783/472/9
f 778/1146/4 1094/453/4 1095/456/4 779/1147/4
f 766/1148/2 1090/419/2 1094/422/2 778/1149/2
f 635/89/2 1076/88/2 1088/390/2 749/1154/2
f 901/1142/4 1102/383/4 1089/386/4 750/1155/4
f 639/344/2 1082/289/2 1084/290/2 650/1159/2
f 650/1169/13 1084/263/13 1085/264/13 655/1170/13
f 709/266/4 1078/137/4 1079/140/4 711/267/4
f 705/279/2 1076/88/2 1078/91/2 709/280/2
f 1121/1173/13 1115/1174/13 1114/1175/13 1120/1176/13
f 1113/1181/5 1118/1182/5 1120/1183/5 1114/1184/5
f 1160/1233/3 1159/1234/3 1163/1235/3 1164/1236/3
f 1164/1237/9 1163/1238/9 1165/1239/9 1166/1240/9
f 1166/1240/9 1165/1239/9 1167/1241/9 1168/1242/9
f 1162/1243/132 1161/1244/132 1159/1245/132 1160/1246/132
f 1158/1247/132 1157/1183/132 1161/1244/132 1162/1243/132
f 1123/1254/1 1143/1255/1 1157/1256/1 1158/1257/1
f 1171/1267/189 1169/101/189 1170/1268/189 1172/1269/189
f 770/1286/9 1090/415/9 1178/418/9 1177/1287/9
usemtl Weapons
f 505/66/11 504/69/11 115/68/11 262/67/11
f 15/128/1 365/131/1 371/130/1 275/129/1
f 106/306/34 129/309/34 130/308/34 127/307/34
f 130/308/4 129/309/4 128/374/4 131/373/4
f 127/375/38 130/378/38 131/377/38 126/376/38
f 103/313/39 128/380/39 129/379/39 106/312/39
f 126/20/40 131/382/40 128/381/40 103/19/40
f 165/497/4 189/500/4 186/499/4 162/498/4
f 17/513/4 170/516/4 173/515/4 25/514/4
f 170/517/9 190/520/9 193/519/9 173/518/9
f 298/521/3 300/524/3 169/523/3 23/522/3
f 300/525/9 339/528/9 177/527/9 169/526/9
f 330/529/1 336/532/1 170/531/1 17/530/1
f 336/533/9 305/534/9 190/520/9 170/517/9
f 23/535/13 169/538/13 166/537/13 18/536/13
f 169/526/9 177/527/9 174/540/9 166/539/9
f 339/546/3 340/549/3 176/548/3 177/547/3
f 305/550/1 306/553/1 191/552/1 190/551/1
f 177/554/13 176/557/13 175/556/13 174/555/13
f 167/558/2 175/561/2 176/560/2 168/559/2
f 338/562/2 307/563/2 175/561/2 167/558/2
f 301/564/2 304/567/2 192/566/2 172/565/2
f 172/565/2 192/566/2 191/569/2 171/568/2
f 178/597/4 190/600/4 191/599/4 179/598/4
f 180/601/4 192/604/4 193/603/4 181/602/4
f 181/602/4 193/603/4 190/600/4 178/597/4
f 179/598/4 191/599/4 192/604/4 180/601/4
f 113/764/2 280/767/2 281/766/2 116/765/2
f 279/785/13 277/788/13 281/787/13 280/786/13
f 275/789/13 274/790/13 277/788/13 279/785/13
f 274/790/13 276/792/13 278/791/13 277/788/13
f 261/793/1 279/796/1 280/795/1 113/794/1
f 254/555/2 277/799/2 278/798/2 256/797/2
f 116/800/3 281/803/3 277/802/3 254/801/3
f 15/128/1 275/129/1 279/796/1 261/793/1
f 500/806/61 505/66/61 262/67/61 19/807/61
f 489/808/60 488/809/60 283/781/60 285/782/60
f 299/847/67 359/850/67 362/849/67 309/848/67
f 168/559/2 176/560/2 340/854/2 335/853/2
f 333/855/68 358/858/68 360/857/68 348/856/68
f 171/568/2 191/569/2 306/860/2 337/859/2
f 337/859/2 306/860/2 307/563/2 338/562/2
f 174/861/1 175/864/1 307/863/1 341/862/1
f 341/862/1 307/863/1 306/553/1 305/550/1
f 193/865/3 192/868/3 304/867/3 303/866/3
f 300/525/9 350/870/9 354/869/9 339/528/9
f 166/539/9 174/540/9 341/872/9 302/871/9
f 302/871/9 341/872/9 305/534/9 336/533/9
f 18/873/1 166/876/1 302/875/1 296/874/1
f 296/874/1 302/875/1 336/532/1 330/529/1
f 173/518/9 193/519/9 303/878/9 334/877/9
f 304/867/69 357/880/69 355/879/69 303/866/69
f 25/881/3 173/884/3 334/883/3 297/882/3
f 333/855/68 348/856/68 353/892/68 301/890/68
f 324/481/74 416/908/74 417/907/74 325/897/74
f 501/911/77 506/914/77 282/913/77 22/912/77
f 274/790/13 370/916/13 372/915/13 276/792/13
f 504/69/37 501/934/37 22/933/37 115/68/37
f 485/144/80 489/808/80 285/782/80 37/143/80
f 314/939/83 409/942/83 412/941/83 319/940/83
f 352/943/2 356/946/2 357/945/2 353/944/2
f 355/879/3 357/880/3 356/948/3 354/947/3
f 351/949/9 355/950/9 354/869/9 350/870/9
f 346/951/3 351/953/3 350/952/3 347/515/3
f 353/892/3 348/856/3 349/955/3 352/954/3
f 335/956/84 352/958/84 349/957/84 299/847/84
f 340/854/2 356/946/2 352/943/2 335/853/2
f 339/959/85 354/962/85 356/961/85 340/960/85
f 334/883/68 351/953/68 346/951/68 297/882/68
f 301/564/2 353/944/2 357/945/2 304/567/2
f 298/963/84 347/966/84 350/965/84 300/964/84
f 303/878/9 355/950/9 351/949/9 334/877/9
f 362/967/2 359/970/2 358/969/2 361/968/2
f 359/970/2 363/972/2 360/971/2 358/969/2
f 349/957/84 363/973/84 359/850/84 299/847/84
f 309/589/1 362/975/1 361/974/1 308/834/1
f 308/976/86 361/979/86 358/978/86 333/977/86
f 348/856/3 360/857/3 363/980/3 349/955/3
f 480/989/87 493/992/87 374/991/87 20/990/87
f 366/996/9 372/999/9 370/998/9 364/997/9
f 364/997/9 370/998/9 371/1001/9 365/1000/9
f 508/1002/89 544/1005/89 543/1004/89 507/1003/89
f 275/789/13 371/1008/13 370/916/13 274/790/13
f 511/1011/9 510/1013/9 375/982/9 376/1012/9
f 503/1014/90 511/1017/90 376/1016/90 36/1015/90
f 412/1093/106 409/831/106 408/832/106 411/1094/106
f 413/1095/3 412/1098/3 411/1097/3 410/1096/3
f 319/940/107 412/941/107 413/1100/107 294/1099/107
f 318/1101/108 411/1104/108 408/1103/108 313/1102/108
f 326/1105/109 410/1106/109 411/1104/109 318/1101/109
f 585/1109/3 417/1112/3 416/1111/3 590/1110/3
f 575/1113/13 590/1115/13 416/1114/13 324/426/13
f 566/1120/4 581/1123/4 415/1122/4 287/1121/4
f 35/1057/90 373/1058/90 494/1188/90 484/1187/90
f 373/1054/9 374/991/9 493/992/9 494/1189/9
f 500/1200/87 510/1013/87 493/992/87 480/989/87
f 496/1201/112 497/1202/112 489/808/112 485/144/112
f 114/361/37 21/1061/37 481/1204/37 486/1203/37
f 21/1018/91 283/781/91 488/809/91 481/1209/91
f 497/1202/60 506/914/60 488/809/60 489/808/60
f 20/1053/113 253/360/113 487/1211/113 480/1210/113
f 485/1213/114 525/1216/114 527/1215/114 496/1214/114
f 253/360/11 114/361/11 486/1203/11 487/1211/11
f 284/1033/60 282/913/60 506/914/60 497/1202/60
f 34/1036/116 284/1033/116 497/1202/116 496/1201/116
f 19/981/87 375/982/87 510/1013/87 500/1200/87
f 484/1187/90 494/1188/90 511/1017/90 503/1014/90
f 494/1189/9 493/992/9 510/1013/9 511/1011/9
f 486/1203/37 481/1204/37 501/934/37 504/69/37
f 481/1209/91 488/809/91 506/914/91 501/911/91
f 480/1210/11 487/1211/11 505/66/11 500/806/11
f 487/1211/11 486/1203/11 504/69/11 505/66/11
f 544/1309/9 545/1312/9 542/1311/9 540/1310/9
f 543/1313/9 544/1309/9 540/1310/9 541/1314/9
f 365/644/13 541/1317/13 540/1316/13 364/1315/13
f 509/1230/89 545/463/89 544/1005/89 508/1002/89
f 364/1315/13 540/1316/13 542/1320/13 366/1319/13
f 1249/1336/4 1250/1338/4 603/1337/4 602/1335/4
f 1250/1338/4 1251/1340/4 604/1339/4 603/1337/4
f 601/1333/4 602/1335/4 597/1343/4 596/1342/4
f 602/1335/4 603/1337/4 598/1344/4 597/1343/4
f 603/1337/4 604/1339/4 599/1345/4 598/1344/4
f 325/1356/4 417/1359/4 585/1358/4 570/1357/4
f 570/1357/4 585/1358/4 584/1361/4 569/1360/4
f 569/1360/4 584/1361/4 583/1363/4 568/1362/4
f 568/1362/4 583/1363/4 582/1365/4 567/1364/4
f 567/1364/4 582/1365/4 581/1123/4 566/1120/4
f 286/1366/13 414/642/13 586/1368/13 571/1367/13
f 571/1367/13 586/1368/13 587/1370/13 572/1369/13
f 572/1369/13 587/1370/13 588/1372/13 573/1371/13
f 573/1371/13 588/1372/13 589/1374/13 574/1373/13
f 574/1373/13 589/1374/13 590/1115/13 575/1113/13
f 415/1375/3 581/1378/3 586/1377/3 414/1376/3
f 581/1378/3 582/1380/3 587/1379/3 586/1377/3
f 582/1380/3 583/1382/3 588/1381/3 587/1379/3
f 583/1382/3 584/1384/3 589/1383/3 588/1381/3
f 584/1384/3 585/1109/3 590/1110/3 589/1383/3
f 549/1395/3 548/1397/3 568/1396/3 567/1394/3
f 548/1397/3 547/1399/3 569/1398/3 568/1396/3
f 572/1405/3 573/1407/3 553/1406/3 552/1404/3
f 573/1407/3 574/1409/3 554/1408/3 553/1406/3
f 562/1415/4 563/1417/4 548/1416/4 549/1414/4
f 563/1417/4 564/1419/4 547/1418/4 548/1416/4
f 552/1435/13 553/1437/13 558/1436/13 557/1434/13
f 553/1437/13 554/1439/13 559/1438/13 558/1436/13
f 1150/66/128 892/67/128 730/68/128 1149/69/128
f 620/128/3 906/129/3 1004/130/3 998/131/3
f 721/306/40 743/307/40 746/308/40 745/309/40
f 746/308/4 747/373/4 744/374/4 745/309/4
f 743/375/38 742/376/38 747/377/38 746/378/38
f 718/313/39 721/312/39 745/379/39 744/380/39
f 742/20/34 718/19/34 744/381/34 747/382/34
f 791/497/4 788/498/4 812/499/4 815/500/4
f 622/513/4 630/514/4 799/515/4 796/516/4
f 796/517/9 799/518/9 819/519/9 816/520/9
f 929/521/1 628/522/1 795/523/1 931/524/1
f 931/525/9 795/526/9 803/527/9 970/528/9
f 961/529/3 622/530/3 796/531/3 967/532/3
f 967/533/9 796/517/9 816/520/9 936/534/9
f 628/535/13 623/536/13 792/537/13 795/538/13
f 795/526/9 792/539/9 800/540/9 803/527/9
f 970/546/1 803/547/1 802/548/1 971/549/1
f 936/550/3 816/551/3 817/552/3 937/553/3
f 803/554/13 800/555/13 801/556/13 802/557/13
f 793/558/2 794/559/2 802/560/2 801/561/2
f 969/562/2 793/558/2 801/561/2 938/563/2
f 932/564/2 798/565/2 818/566/2 935/567/2
f 798/565/2 797/568/2 817/569/2 818/566/2
f 804/597/4 805/598/4 817/599/4 816/600/4
f 806/601/4 807/602/4 819/603/4 818/604/4
f 807/602/4 804/597/4 816/600/4 819/603/4
f 805/598/4 806/601/4 818/604/4 817/599/4
f 728/764/2 731/765/2 912/766/2 911/767/2
f 910/785/13 911/786/13 912/787/13 908/788/13
f 906/789/13 910/785/13 908/788/13 905/790/13
f 905/790/13 908/788/13 909/791/13 907/792/13
f 891/793/3 728/794/3 911/795/3 910/796/3
f 884/555/2 886/797/2 909/798/2 908/799/2
f 731/800/1 884/801/1 908/802/1 912/803/1
f 620/128/3 891/793/3 910/796/3 906/129/3
f 1145/806/146 624/807/146 892/67/146 1150/66/146
f 1134/808/145 916/782/145 914/781/145 1133/809/145
f 930/847/150 940/848/150 995/849/150 992/850/150
f 794/559/2 966/853/2 971/854/2 802/560/2
f 964/855/151 981/856/151 993/857/151 991/858/151
f 797/568/2 968/859/2 937/860/2 817/569/2
f 968/859/2 969/562/2 938/563/2 937/860/2
f 800/861/3 972/862/3 938/863/3 801/864/3
f 972/862/3 936/550/3 937/553/3 938/863/3
f 819/865/1 934/866/1 935/867/1 818/868/1
f 931/525/9 970/528/9 987/869/9 983/870/9
f 792/539/9 933/871/9 972/872/9 800/540/9
f 933/871/9 967/533/9 936/534/9 972/872/9
f 623/873/3 927/874/3 933/875/3 792/876/3
f 927/874/3 961/529/3 967/532/3 933/875/3
f 799/518/9 965/877/9 934/878/9 819/519/9
f 935/867/152 934/866/152 988/879/152 990/880/152
f 630/881/1 928/882/1 965/883/1 799/884/1
f 964/855/151 932/890/151 986/892/151 981/856/151
f 955/481/74 956/897/74 1057/907/74 1056/908/74
f 1146/911/157 627/912/157 913/913/157 1151/914/157
f 905/790/13 907/792/13 1005/915/13 1003/916/13
f 1149/69/158 730/68/158 627/933/158 1146/934/158
f 1130/144/159 647/143/159 916/782/159 1134/808/159
f 945/939/83 950/940/83 1052/941/83 1049/942/83
f 985/943/2 986/944/2 990/945/2 989/946/2
f 988/879/1 987/947/1 989/948/1 990/880/1
f 984/949/9 983/870/9 987/869/9 988/950/9
f 979/951/1 980/515/1 983/952/1 984/953/1
f 986/892/1 985/954/1 982/955/1 981/856/1
f 966/956/162 930/847/162 982/957/162 985/958/162
f 971/854/2 966/853/2 985/943/2 989/946/2
f 970/959/163 971/960/163 989/961/163 987/962/163
f 965/883/151 928/882/151 979/951/151 984/953/151
f 932/564/2 935/567/2 990/945/2 986/944/2
f 929/963/162 931/964/162 983/965/162 980/966/162
f 934/878/9 965/877/9 984/949/9 988/950/9
f 995/967/2 994/968/2 991/969/2 992/970/2
f 992/970/2 991/969/2 993/971/2 996/972/2
f 982/957/162 930/847/162 992/850/162 996/973/162
f 940/589/3 939/834/3 994/974/3 995/975/3
f 939/976/164 964/977/164 991/978/164 994/979/164
f 981/856/1 982/955/1 996/980/1 993/857/1
f 1125/989/165 625/990/165 1007/991/165 1138/992/165
f 999/996/9 997/997/9 1003/998/9 1005/999/9
f 997/997/9 998/1000/9 1004/1001/9 1003/998/9
f 1153/1002/166 1152/1003/166 1190/1004/166 1191/1005/166
f 906/789/13 905/790/13 1003/916/13 1004/1008/13
f 1156/1011/9 1009/1012/9 1008/982/9 1155/1013/9
f 1148/1014/167 646/1015/167 1009/1016/167 1156/1017/167
f 1052/1093/106 1051/1094/106 1048/832/106 1049/831/106
f 1053/1095/1 1050/1096/1 1051/1097/1 1052/1098/1
f 950/940/177 925/1099/177 1053/1100/177 1052/941/177
f 949/1101/108 944/1102/108 1048/1103/108 1051/1104/108
f 957/1105/178 949/1101/178 1051/1104/178 1050/1106/178
f 1237/1109/1 1242/1110/1 1056/1111/1 1057/1112/1
f 1222/1113/13 955/426/13 1056/1114/13 1242/1115/13
f 1213/1120/4 918/1121/4 1055/1122/4 1233/1123/4
f 645/1057/167 1129/1187/167 1139/1188/167 1006/1058/167
f 1006/1054/9 1139/1189/9 1138/992/9 1007/991/9
f 1145/1200/165 1125/989/165 1138/992/165 1155/1013/165
f 1141/1201/180 1130/144/180 1134/808/180 1142/1202/180
f 729/361/158 1131/1203/158 1126/1204/158 626/1061/158
f 626/1018/157 1126/1209/157 1133/809/157 914/781/157
f 1142/1202/145 1134/808/145 1133/809/145 1151/914/145
f 625/1053/128 1125/1210/128 1132/1211/128 883/360/128
f 1130/1213/181 1141/1214/181 1172/1215/181 1170/1216/181
f 883/360/182 1132/1211/182 1131/1203/182 729/361/182
f 915/1033/145 1142/1202/145 1151/914/145 913/913/145
f 644/1036/184 1141/1201/184 1142/1202/184 915/1033/184
f 624/981/165 1145/1200/165 1155/1013/165 1008/982/165
f 1129/1187/167 1148/1014/167 1156/1017/167 1139/1188/167
f 1139/1189/9 1156/1011/9 1155/1013/9 1138/992/9
f 1131/1203/158 1149/69/158 1146/934/158 1126/1204/158
f 1126/1209/157 1146/911/157 1151/914/157 1133/809/157
f 1125/1210/186 1145/806/186 1150/66/186 1132/1211/186
f 1132/1211/186 1150/66/186 1149/69/186 1131/1203/186
f 1191/1309/9 1187/1310/9 1189/1311/9 1192/1312/9
f 1190/1313/9 1188/1314/9 1187/1310/9 1191/1309/9
f 998/644/13 997/1315/13 1187/1316/13 1188/1317/13
f 1154/1230/166 1153/1002/166 1191/1005/166 1192/463/166
f 997/1315/13 999/1319/13 1189/1320/13 1187/1316/13
f 1249/1336/4 1259/1335/4 1260/1337/4 1250/1338/4
f 1250/1338/4 1260/1337/4 1261/1339/4 1251/1340/4
f 1258/1333/4 1253/1342/4 1254/1343/4 1259/1335/4
f 1259/1335/4 1254/1343/4 1255/1344/4 1260/1337/4
f 1260/1337/4 1255/1344/4 1256/1345/4 1261/1339/4
f 956/1356/4 1217/1357/4 1237/1358/4 1057/1359/4
f 1217/1357/4 1216/1360/4 1236/1361/4 1237/1358/4
f 1216/1360/4 1215/1362/4 1235/1363/4 1236/1361/4
f 1215/1362/4 1214/1364/4 1234/1365/4 1235/1363/4
f 1214/1364/4 1213/1120/4 1233/1123/4 1234/1365/4
f 917/1366/13 1218/1367/13 1238/1368/13 1054/642/13
f 1218/1367/13 1219/1369/13 1239/1370/13 1238/1368/13
f 1219/1369/13 1220/1371/13 1240/1372/13 1239/1370/13
f 1220/1371/13 1221/1373/13 1241/1374/13 1240/1372/13
f 1221/1373/13 1222/1113/13 1242/1115/13 1241/1374/13
f 1055/1375/1 1054/1376/1 1238/1377/1 1233/1378/1
f 1233/1378/1 1238/1377/1 1239/1379/1 1234/1380/1
f 1234/1380/1 1239/1379/1 1240/1381/1 1235/1382/1
f 1235/1382/1 1240/1381/1 1241/1383/1 1236/1384/1
f 1236/1384/1 1241/1383/1 1242/1110/1 1237/1109/1
f 1196/1395/1 1214/1394/1 1215/1396/1 1195/1397/1
f 1195/1397/1 1215/1396/1 1216/1398/1 1194/1399/1
f 1219/1405/1 1199/1404/1 1200/1406/1 1220/1407/1
f 1220/1407/1 1200/1406/1 1201/1408/1 1221/1409/1
f 1209/1415/4 1196/1414/4 1195/1416/4 1210/1417/4
f 1210/1417/4 1195/1416/4 1194/1418/4 1211/1419/4
f 1199/1435/13 1204/1434/13 1205/1436/13 1200/1437/13
f 1200/1437/13 1205/1436/13 1206/1438/13 1201/1439/13
usemtl Thruster
f 48/199/9 51/205/9 71/204/9 73/203/9 72/202/9 70/201/9 47/200/9
f 49/206/9 79/211/9 81/210/9 80/209/9 78/208/9 50/207/9 48/199/9
f 48/199/9 50/207/9 83/215/9 85/214/9 84/213/9 82/212/9 51/205/9
f 74/216/9 49/206/9 48/199/9 47/200/9 75/219/9 77/218/9 76/217/9
f 663/199/9 662/200/9 685/201/9 687/202/9 688/203/9 686/204/9 666/205/9
f 664/206/9 663/199/9 665/207/9 693/208/9 695/209/9 696/210/9 694/211/9
f 663/199/9 666/205/9 697/212/9 699/213/9 700/214/9 698/215/9 665/207/9
f 689/216/9 691/217/9 692/218/9 690/219/9 662/200/9 663/199/9 664/206/9
